INSERT INTO users (name,pass) VALUES("user1","password1");
INSERT INTO users (name,pass) VALUES("user2","password2");
INSERT INTO users (name,pass) VALUES("user3","password3");
INSERT INTO users (name,pass) VALUES("user4","password4");
INSERT INTO users (name,pass) VALUES("user5","password5");
INSERT INTO users (name,pass) VALUES("user6","password6");
INSERT INTO users (name,pass) VALUES("user7","password7");
INSERT INTO users (name,pass) VALUES("user8","password8");
INSERT INTO users (name,pass) VALUES("user9","password9");
INSERT INTO users (name,pass) VALUES("user10","password10");
INSERT INTO users (name,pass) VALUES("user11","password11");
INSERT INTO users (name,pass) VALUES("user12","password12");
INSERT INTO users (name,pass) VALUES("user13","password13");
INSERT INTO users (name,pass) VALUES("user14","password14");
INSERT INTO users (name,pass) VALUES("user15","password15");
INSERT INTO users (name,pass) VALUES("user16","password16");
INSERT INTO users (name,pass) VALUES("user17","password17");
INSERT INTO users (name,pass) VALUES("user18","password18");
INSERT INTO users (name,pass) VALUES("user19","password19");
INSERT INTO users (name,pass) VALUES("user20","password20");
INSERT INTO users (name,pass) VALUES("user21","password21");
INSERT INTO users (name,pass) VALUES("user22","password22");
INSERT INTO users (name,pass) VALUES("user23","password23");
INSERT INTO users (name,pass) VALUES("user24","password24");
INSERT INTO users (name,pass) VALUES("user25","password25");
INSERT INTO users (name,pass) VALUES("user26","password26");
INSERT INTO users (name,pass) VALUES("user27","password27");
INSERT INTO users (name,pass) VALUES("user28","password28");
INSERT INTO users (name,pass) VALUES("user29","password29");
INSERT INTO users (name,pass) VALUES("user30","password30");
INSERT INTO users (name,pass) VALUES("user31","password31");
INSERT INTO users (name,pass) VALUES("user32","password32");
INSERT INTO users (name,pass) VALUES("user33","password33");
INSERT INTO users (name,pass) VALUES("user34","password34");
INSERT INTO users (name,pass) VALUES("user35","password35");
INSERT INTO users (name,pass) VALUES("user36","password36");
INSERT INTO users (name,pass) VALUES("user37","password37");
INSERT INTO users (name,pass) VALUES("user38","password38");
INSERT INTO users (name,pass) VALUES("user39","password39");
INSERT INTO users (name,pass) VALUES("user40","password40");
INSERT INTO users (name,pass) VALUES("user41","password41");
INSERT INTO users (name,pass) VALUES("user42","password42");
INSERT INTO users (name,pass) VALUES("user43","password43");
INSERT INTO users (name,pass) VALUES("user44","password44");
INSERT INTO users (name,pass) VALUES("user45","password45");
INSERT INTO users (name,pass) VALUES("user46","password46");
INSERT INTO users (name,pass) VALUES("user47","password47");
INSERT INTO users (name,pass) VALUES("user48","password48");
INSERT INTO users (name,pass) VALUES("user49","password49");
INSERT INTO trips (id,user_id,name) VALUES(1,20,"trip3473");
INSERT INTO points (trip_id,ord,x,y) VALUES(1,1,147.94136061579223,54.56482581654882);
INSERT INTO points (trip_id,ord,x,y) VALUES(1,2,147.9414510415082,54.564898181011415);
INSERT INTO points (trip_id,ord,x,y) VALUES(1,3,147.94157947988464,54.564980227256825);
INSERT INTO points (trip_id,ord,x,y) VALUES(1,4,147.94174607938945,54.56507968754003);
INSERT INTO points (trip_id,ord,x,y) VALUES(1,5,147.94179321353036,54.5652777537211);
INSERT INTO points (trip_id,ord,x,y) VALUES(1,6,147.94181590578114,54.5654409992788);
INSERT INTO points (trip_id,ord,x,y) VALUES(1,7,147.94189967794156,54.56556550088646);
INSERT INTO points (trip_id,ord,x,y) VALUES(1,8,147.9420174059393,54.5657048991412);
INSERT INTO points (trip_id,ord,x,y) VALUES(1,9,147.94221241161645,54.56584937478463);
INSERT INTO points (trip_id,ord,x,y) VALUES(1,10,147.94223307211328,54.56602600855598);
INSERT INTO points (trip_id,ord,x,y) VALUES(1,11,147.94224707326933,54.56616662550043);
INSERT INTO points (trip_id,ord,x,y) VALUES(1,12,147.9423056433767,54.56621943031993);
INSERT INTO points (trip_id,ord,x,y) VALUES(1,13,147.94245343990718,54.56635562285676);
INSERT INTO points (trip_id,ord,x,y) VALUES(1,14,147.94250114861273,54.56649579199778);
INSERT INTO points (trip_id,ord,x,y) VALUES(1,15,147.94254423094165,54.56664395774164);
INSERT INTO points (trip_id,ord,x,y) VALUES(1,16,147.9425763737857,54.566763553620255);
INSERT INTO points (trip_id,ord,x,y) VALUES(1,17,147.94259447236814,54.56679735313062);
INSERT INTO points (trip_id,ord,x,y) VALUES(1,18,147.94263508866646,54.56682021536213);
INSERT INTO points (trip_id,ord,x,y) VALUES(1,19,147.9427886498982,54.566925820198094);
INSERT INTO points (trip_id,ord,x,y) VALUES(1,20,147.94288048646166,54.5670999934166);
INSERT INTO trips (id,user_id,name) VALUES(2,6,"trip388");
INSERT INTO points (trip_id,ord,x,y) VALUES(2,1,103.67059401711765,47.070606669305135);
INSERT INTO points (trip_id,ord,x,y) VALUES(2,2,103.67075944528753,47.070674648435855);
INSERT INTO points (trip_id,ord,x,y) VALUES(2,3,103.67079360862307,47.07080679687885);
INSERT INTO points (trip_id,ord,x,y) VALUES(2,4,103.67095132257015,47.070880400784965);
INSERT INTO points (trip_id,ord,x,y) VALUES(2,5,103.67109440272145,47.070895200037);
INSERT INTO points (trip_id,ord,x,y) VALUES(2,6,103.67112621061648,47.071064798030974);
INSERT INTO points (trip_id,ord,x,y) VALUES(2,7,103.67117637839858,47.071082490530436);
INSERT INTO points (trip_id,ord,x,y) VALUES(2,8,103.67129901757369,47.07125318894328);
INSERT INTO points (trip_id,ord,x,y) VALUES(2,9,103.67142490619362,47.07132842134068);
INSERT INTO points (trip_id,ord,x,y) VALUES(2,10,103.6714588659016,47.07135831817727);
INSERT INTO points (trip_id,ord,x,y) VALUES(2,11,103.67148128920127,47.071531783422174);
INSERT INTO points (trip_id,ord,x,y) VALUES(2,12,103.67150825759168,47.07162291798475);
INSERT INTO points (trip_id,ord,x,y) VALUES(2,13,103.67165238451618,47.071665933785106);
INSERT INTO points (trip_id,ord,x,y) VALUES(2,14,103.6717538663954,47.071689460950175);
INSERT INTO points (trip_id,ord,x,y) VALUES(2,15,103.67182780422988,47.07182882701439);
INSERT INTO points (trip_id,ord,x,y) VALUES(2,16,103.67196676223999,47.07200025642652);
INSERT INTO points (trip_id,ord,x,y) VALUES(2,17,103.67202482853223,47.07208289474523);
INSERT INTO points (trip_id,ord,x,y) VALUES(2,18,103.67213823554034,47.07220595912635);
INSERT INTO points (trip_id,ord,x,y) VALUES(2,19,103.67216797635893,47.07236041049044);
INSERT INTO trips (id,user_id,name) VALUES(3,9,"trip8503");
INSERT INTO points (trip_id,ord,x,y) VALUES(3,1,-62.701055505750574,-25.776304248012337);
INSERT INTO points (trip_id,ord,x,y) VALUES(3,2,-62.70102816171884,-25.776108972558482);
INSERT INTO points (trip_id,ord,x,y) VALUES(3,3,-62.700972930179695,-25.775913534005273);
INSERT INTO points (trip_id,ord,x,y) VALUES(3,4,-62.70086923019562,-25.77574919333388);
INSERT INTO points (trip_id,ord,x,y) VALUES(3,5,-62.70078160190878,-25.7756225269933);
INSERT INTO points (trip_id,ord,x,y) VALUES(3,6,-62.70068514116616,-25.77559757336151);
INSERT INTO points (trip_id,ord,x,y) VALUES(3,7,-62.700574319459164,-25.775568187655946);
INSERT INTO points (trip_id,ord,x,y) VALUES(3,8,-62.7004352731266,-25.775449138072897);
INSERT INTO points (trip_id,ord,x,y) VALUES(3,9,-62.700334312605094,-25.775389711750602);
INSERT INTO points (trip_id,ord,x,y) VALUES(3,10,-62.70032148283844,-25.77522352526924);
INSERT INTO points (trip_id,ord,x,y) VALUES(3,11,-62.70024358835566,-25.77504679348866);
INSERT INTO trips (id,user_id,name) VALUES(4,30,"trip5032");
INSERT INTO points (trip_id,ord,x,y) VALUES(4,1,-79.3822303054443,-22.2589165220125);
INSERT INTO points (trip_id,ord,x,y) VALUES(4,2,-79.38210893893122,-22.258759231463113);
INSERT INTO points (trip_id,ord,x,y) VALUES(4,3,-79.38192425598245,-22.258745030940126);
INSERT INTO points (trip_id,ord,x,y) VALUES(4,4,-79.38188900066199,-22.258567194596825);
INSERT INTO points (trip_id,ord,x,y) VALUES(4,5,-79.38173103388998,-22.258540048257984);
INSERT INTO points (trip_id,ord,x,y) VALUES(4,6,-79.38171280913438,-22.25850575108875);
INSERT INTO points (trip_id,ord,x,y) VALUES(4,7,-79.38164442252308,-22.25847272959122);
INSERT INTO points (trip_id,ord,x,y) VALUES(4,8,-79.38150507395372,-22.258400548133213);
INSERT INTO points (trip_id,ord,x,y) VALUES(4,9,-79.38148093331345,-22.258328252843647);
INSERT INTO points (trip_id,ord,x,y) VALUES(4,10,-79.38137370703477,-22.258280031471603);
INSERT INTO points (trip_id,ord,x,y) VALUES(4,11,-79.38131491811173,-22.25813566052645);
INSERT INTO points (trip_id,ord,x,y) VALUES(4,12,-79.38129926762922,-22.2579596142765);
INSERT INTO points (trip_id,ord,x,y) VALUES(4,13,-79.38119523459389,-22.25787988165686);
INSERT INTO points (trip_id,ord,x,y) VALUES(4,14,-79.38109351754905,-22.25769493096165);
INSERT INTO points (trip_id,ord,x,y) VALUES(4,15,-79.38102427653395,-22.25749961519536);
INSERT INTO trips (id,user_id,name) VALUES(5,5,"trip9766");
INSERT INTO points (trip_id,ord,x,y) VALUES(5,1,-30.989211499912074,7.045676441276541);
INSERT INTO points (trip_id,ord,x,y) VALUES(5,2,-30.989086747449385,7.045781607770597);
INSERT INTO points (trip_id,ord,x,y) VALUES(5,3,-30.988982876032193,7.045812479358012);
INSERT INTO points (trip_id,ord,x,y) VALUES(5,4,-30.98887781396773,7.046000809376604);
INSERT INTO points (trip_id,ord,x,y) VALUES(5,5,-30.98882205893013,7.04608778882991);
INSERT INTO points (trip_id,ord,x,y) VALUES(5,6,-30.988639630116783,7.04617828982219);
INSERT INTO points (trip_id,ord,x,y) VALUES(5,7,-30.98850258072216,7.046200664216455);
INSERT INTO trips (id,user_id,name) VALUES(6,42,"trip8363");
INSERT INTO points (trip_id,ord,x,y) VALUES(6,1,37.82903063782541,-3.0044959558538267);
INSERT INTO points (trip_id,ord,x,y) VALUES(6,2,37.82916498076666,-3.004485929925918);
INSERT INTO points (trip_id,ord,x,y) VALUES(6,3,37.82921154223515,-3.0044541464525936);
INSERT INTO points (trip_id,ord,x,y) VALUES(6,4,37.82939621117737,-3.004364348672817);
INSERT INTO points (trip_id,ord,x,y) VALUES(6,5,37.829567443630864,-3.0043041890417683);
INSERT INTO points (trip_id,ord,x,y) VALUES(6,6,37.829612846625864,-3.004143750249502);
INSERT INTO points (trip_id,ord,x,y) VALUES(6,7,37.829635460986225,-3.0040350579650728);
INSERT INTO points (trip_id,ord,x,y) VALUES(6,8,37.829732618258724,-3.0039809389990038);
INSERT INTO points (trip_id,ord,x,y) VALUES(6,9,37.8298271113655,-3.003922843035964);
INSERT INTO points (trip_id,ord,x,y) VALUES(6,10,37.829895704966546,-3.003729793740967);
INSERT INTO points (trip_id,ord,x,y) VALUES(6,11,37.830014559225056,-3.0036865805059962);
INSERT INTO points (trip_id,ord,x,y) VALUES(6,12,37.83014399683015,-3.0036118848301534);
INSERT INTO points (trip_id,ord,x,y) VALUES(6,13,37.83025418622696,-3.0034687349991143);
INSERT INTO points (trip_id,ord,x,y) VALUES(6,14,37.830364051812445,-3.0034221530031973);
INSERT INTO trips (id,user_id,name) VALUES(7,25,"trip5745");
INSERT INTO points (trip_id,ord,x,y) VALUES(7,1,131.78261824477505,-13.47234101755204);
INSERT INTO points (trip_id,ord,x,y) VALUES(7,2,131.78272375316456,-13.472300107035133);
INSERT INTO points (trip_id,ord,x,y) VALUES(7,3,131.78279344130056,-13.472163441639928);
INSERT INTO points (trip_id,ord,x,y) VALUES(7,4,131.782961808821,-13.471965702139782);
INSERT INTO points (trip_id,ord,x,y) VALUES(7,5,131.78300975636728,-13.471916038949843);
INSERT INTO points (trip_id,ord,x,y) VALUES(7,6,131.78309019614397,-13.471756232510605);
INSERT INTO points (trip_id,ord,x,y) VALUES(7,7,131.7832268479706,-13.471612447989138);
INSERT INTO points (trip_id,ord,x,y) VALUES(7,8,131.7832901613718,-13.471427853745828);
INSERT INTO points (trip_id,ord,x,y) VALUES(7,9,131.7834570458328,-13.471362401121226);
INSERT INTO points (trip_id,ord,x,y) VALUES(7,10,131.78356159556165,-13.471253029735498);
INSERT INTO points (trip_id,ord,x,y) VALUES(7,11,131.78360180772728,-13.471151276259203);
INSERT INTO points (trip_id,ord,x,y) VALUES(7,12,131.7837313866722,-13.471052315847777);
INSERT INTO points (trip_id,ord,x,y) VALUES(7,13,131.783909010938,-13.470956771339385);
INSERT INTO points (trip_id,ord,x,y) VALUES(7,14,131.78397668819719,-13.470778648395065);
INSERT INTO points (trip_id,ord,x,y) VALUES(7,15,131.78411906643316,-13.470760834608512);
INSERT INTO points (trip_id,ord,x,y) VALUES(7,16,131.78428640998322,-13.470741203419006);
INSERT INTO points (trip_id,ord,x,y) VALUES(7,17,131.7844527427465,-13.470615700474703);
INSERT INTO points (trip_id,ord,x,y) VALUES(7,18,131.78453515380892,-13.47058949455628);
INSERT INTO trips (id,user_id,name) VALUES(8,33,"trip940");
INSERT INTO points (trip_id,ord,x,y) VALUES(8,1,176.64173665546878,7.705458497799384);
INSERT INTO points (trip_id,ord,x,y) VALUES(8,2,176.6418417052862,7.70548049900778);
INSERT INTO points (trip_id,ord,x,y) VALUES(8,3,176.64185352841756,7.705553675700379);
INSERT INTO points (trip_id,ord,x,y) VALUES(8,4,176.64205282034104,7.705711333744832);
INSERT INTO points (trip_id,ord,x,y) VALUES(8,5,176.64216450911593,7.705786315342083);
INSERT INTO points (trip_id,ord,x,y) VALUES(8,6,176.64234149165625,7.7058105381285875);
INSERT INTO points (trip_id,ord,x,y) VALUES(8,7,176.6424552694239,7.705940571669615);
INSERT INTO points (trip_id,ord,x,y) VALUES(8,8,176.64265002979755,7.7060876398673255);
INSERT INTO points (trip_id,ord,x,y) VALUES(8,9,176.6427957005408,7.706188827924671);
INSERT INTO points (trip_id,ord,x,y) VALUES(8,10,176.6429483617383,7.706218273502186);
INSERT INTO trips (id,user_id,name) VALUES(9,8,"trip7312");
INSERT INTO points (trip_id,ord,x,y) VALUES(9,1,-99.28819156980087,-32.458523544076364);
INSERT INTO points (trip_id,ord,x,y) VALUES(9,2,-99.2880158320193,-32.45834808891959);
INSERT INTO points (trip_id,ord,x,y) VALUES(9,3,-99.28794958401951,-32.45823799031108);
INSERT INTO points (trip_id,ord,x,y) VALUES(9,4,-99.28790569428088,-32.45803964939571);
INSERT INTO points (trip_id,ord,x,y) VALUES(9,5,-99.28781947668239,-32.45793775437626);
INSERT INTO points (trip_id,ord,x,y) VALUES(9,6,-99.28779076394368,-32.45789311877918);
INSERT INTO points (trip_id,ord,x,y) VALUES(9,7,-99.28760319459352,-32.457703683369246);
INSERT INTO points (trip_id,ord,x,y) VALUES(9,8,-99.28750009716481,-32.45756816481112);
INSERT INTO points (trip_id,ord,x,y) VALUES(9,9,-99.28746430427611,-32.45739684777082);
INSERT INTO points (trip_id,ord,x,y) VALUES(9,10,-99.28743874475497,-32.457375114781975);
INSERT INTO points (trip_id,ord,x,y) VALUES(9,11,-99.28732642595878,-32.45735157235628);
INSERT INTO points (trip_id,ord,x,y) VALUES(9,12,-99.2872002668282,-32.45729327440908);
INSERT INTO points (trip_id,ord,x,y) VALUES(9,13,-99.28707883474806,-32.45718863438959);
INSERT INTO points (trip_id,ord,x,y) VALUES(9,14,-99.28705755529916,-32.45699917756506);
INSERT INTO points (trip_id,ord,x,y) VALUES(9,15,-99.28688958747074,-32.45682003489596);
INSERT INTO points (trip_id,ord,x,y) VALUES(9,16,-99.28670431949594,-32.456701427663596);
INSERT INTO trips (id,user_id,name) VALUES(10,13,"trip3348");
INSERT INTO points (trip_id,ord,x,y) VALUES(10,1,95.71196352370333,52.970634846561836);
INSERT INTO points (trip_id,ord,x,y) VALUES(10,2,95.71206851336036,52.97078711055729);
INSERT INTO points (trip_id,ord,x,y) VALUES(10,3,95.71224923091351,52.97092131665201);
INSERT INTO points (trip_id,ord,x,y) VALUES(10,4,95.71226540085358,52.97098432279617);
INSERT INTO points (trip_id,ord,x,y) VALUES(10,5,95.71234594144131,52.97114215728362);
INSERT INTO points (trip_id,ord,x,y) VALUES(10,6,95.71248757994894,52.97121998263466);
INSERT INTO points (trip_id,ord,x,y) VALUES(10,7,95.71263785199119,52.971388652462274);
INSERT INTO points (trip_id,ord,x,y) VALUES(10,8,95.71268781121728,52.971489563954684);
INSERT INTO points (trip_id,ord,x,y) VALUES(10,9,95.71284810487975,52.971679160206655);
INSERT INTO points (trip_id,ord,x,y) VALUES(10,10,95.71298792476858,52.971768544141376);
INSERT INTO points (trip_id,ord,x,y) VALUES(10,11,95.71308413683752,52.97194190791256);
INSERT INTO points (trip_id,ord,x,y) VALUES(10,12,95.71322396655425,52.97211795471025);
INSERT INTO points (trip_id,ord,x,y) VALUES(10,13,95.71329292141031,52.972171756354115);
INSERT INTO trips (id,user_id,name) VALUES(11,29,"trip4446");
INSERT INTO points (trip_id,ord,x,y) VALUES(11,1,158.86474817375546,-81.08066300942923);
INSERT INTO points (trip_id,ord,x,y) VALUES(11,2,158.86488994515835,-81.08060295330405);
INSERT INTO points (trip_id,ord,x,y) VALUES(11,3,158.86500425065606,-81.08056642643702);
INSERT INTO points (trip_id,ord,x,y) VALUES(11,4,158.86509295147707,-81.08039135887954);
INSERT INTO points (trip_id,ord,x,y) VALUES(11,5,158.86516608540245,-81.08034704851308);
INSERT INTO points (trip_id,ord,x,y) VALUES(11,6,158.8652095109477,-81.08028088486138);
INSERT INTO points (trip_id,ord,x,y) VALUES(11,7,158.86539306203412,-81.08008211585172);
INSERT INTO points (trip_id,ord,x,y) VALUES(11,8,158.8655201162826,-81.08001135665788);
INSERT INTO points (trip_id,ord,x,y) VALUES(11,9,158.86571703996538,-81.0798541110665);
INSERT INTO points (trip_id,ord,x,y) VALUES(11,10,158.86578379334594,-81.0796643865667);
INSERT INTO points (trip_id,ord,x,y) VALUES(11,11,158.86583516899063,-81.07955343857114);
INSERT INTO points (trip_id,ord,x,y) VALUES(11,12,158.86596897415066,-81.07950566783043);
INSERT INTO points (trip_id,ord,x,y) VALUES(11,13,158.8660827080686,-81.07932007003878);
INSERT INTO trips (id,user_id,name) VALUES(12,27,"trip7589");
INSERT INTO points (trip_id,ord,x,y) VALUES(12,1,-70.73715854768672,25.189088844811494);
INSERT INTO points (trip_id,ord,x,y) VALUES(12,2,-70.73699337407618,25.18923935679716);
INSERT INTO points (trip_id,ord,x,y) VALUES(12,3,-70.7368896652366,25.189282819622992);
INSERT INTO points (trip_id,ord,x,y) VALUES(12,4,-70.7367759914888,25.189396100733664);
INSERT INTO points (trip_id,ord,x,y) VALUES(12,5,-70.73670385036681,25.189432798059215);
INSERT INTO points (trip_id,ord,x,y) VALUES(12,6,-70.73652273628949,25.189580422558812);
INSERT INTO points (trip_id,ord,x,y) VALUES(12,7,-70.73645298704758,25.189719546027003);
INSERT INTO points (trip_id,ord,x,y) VALUES(12,8,-70.73640687162822,25.18980224314899);
INSERT INTO trips (id,user_id,name) VALUES(13,42,"trip2476");
INSERT INTO points (trip_id,ord,x,y) VALUES(13,1,105.75914662890045,-10.739938881102177);
INSERT INTO points (trip_id,ord,x,y) VALUES(13,2,105.7592618875312,-10.739908449897367);
INSERT INTO points (trip_id,ord,x,y) VALUES(13,3,105.7594223636063,-10.739820960255189);
INSERT INTO points (trip_id,ord,x,y) VALUES(13,4,105.75951416254432,-10.739784178466856);
INSERT INTO points (trip_id,ord,x,y) VALUES(13,5,105.75961719669725,-10.73972099172444);
INSERT INTO points (trip_id,ord,x,y) VALUES(13,6,105.75977549352905,-10.739595859291299);
INSERT INTO points (trip_id,ord,x,y) VALUES(13,7,105.75989789340973,-10.739447160449393);
INSERT INTO points (trip_id,ord,x,y) VALUES(13,8,105.76000778190082,-10.739353726478486);
INSERT INTO points (trip_id,ord,x,y) VALUES(13,9,105.76008689617737,-10.739210968215936);
INSERT INTO trips (id,user_id,name) VALUES(14,8,"trip9817");
INSERT INTO points (trip_id,ord,x,y) VALUES(14,1,-34.50926877398555,84.00243708709226);
INSERT INTO points (trip_id,ord,x,y) VALUES(14,2,-34.50913469988139,84.00250127127873);
INSERT INTO points (trip_id,ord,x,y) VALUES(14,3,-34.509067777917416,84.00265924700189);
INSERT INTO points (trip_id,ord,x,y) VALUES(14,4,-34.50891741497399,84.0027841140824);
INSERT INTO points (trip_id,ord,x,y) VALUES(14,5,-34.5089032433262,84.0029556702619);
INSERT INTO points (trip_id,ord,x,y) VALUES(14,6,-34.50879296543816,84.00313175346251);
INSERT INTO points (trip_id,ord,x,y) VALUES(14,7,-34.50860615769404,84.00319287207796);
INSERT INTO trips (id,user_id,name) VALUES(15,2,"trip9809");
INSERT INTO points (trip_id,ord,x,y) VALUES(15,1,120.19875080603947,-60.09023794803275);
INSERT INTO points (trip_id,ord,x,y) VALUES(15,2,120.19891066133852,-60.090216439645936);
INSERT INTO points (trip_id,ord,x,y) VALUES(15,3,120.19893765323599,-60.090019820992836);
INSERT INTO points (trip_id,ord,x,y) VALUES(15,4,120.19903675827051,-60.09000219019316);
INSERT INTO points (trip_id,ord,x,y) VALUES(15,5,120.1991728473366,-60.08983348982604);
INSERT INTO points (trip_id,ord,x,y) VALUES(15,6,120.19936923108763,-60.089778878650534);
INSERT INTO points (trip_id,ord,x,y) VALUES(15,7,120.19952273764481,-60.08968078281917);
INSERT INTO points (trip_id,ord,x,y) VALUES(15,8,120.19965245582414,-60.0895719053353);
INSERT INTO points (trip_id,ord,x,y) VALUES(15,9,120.1997308369012,-60.0894110569559);
INSERT INTO points (trip_id,ord,x,y) VALUES(15,10,120.19980135561246,-60.0893338606514);
INSERT INTO points (trip_id,ord,x,y) VALUES(15,11,120.19988487838965,-60.08925864171282);
INSERT INTO points (trip_id,ord,x,y) VALUES(15,12,120.19989999668914,-60.08916300475856);
INSERT INTO points (trip_id,ord,x,y) VALUES(15,13,120.19994727206726,-60.089034307708026);
INSERT INTO trips (id,user_id,name) VALUES(16,31,"trip4424");
INSERT INTO points (trip_id,ord,x,y) VALUES(16,1,-144.72799658907178,-71.50544088014301);
INSERT INTO points (trip_id,ord,x,y) VALUES(16,2,-144.7278599770524,-71.50537926450747);
INSERT INTO points (trip_id,ord,x,y) VALUES(16,3,-144.72769826107105,-71.50528368944616);
INSERT INTO points (trip_id,ord,x,y) VALUES(16,4,-144.7275868860583,-71.50516142530361);
INSERT INTO points (trip_id,ord,x,y) VALUES(16,5,-144.7274306629757,-71.50507112521849);
INSERT INTO points (trip_id,ord,x,y) VALUES(16,6,-144.72724907157405,-71.50495145314345);
INSERT INTO points (trip_id,ord,x,y) VALUES(16,7,-144.72715557542904,-71.50479759675052);
INSERT INTO points (trip_id,ord,x,y) VALUES(16,8,-144.72698395102245,-71.50477421016967);
INSERT INTO points (trip_id,ord,x,y) VALUES(16,9,-144.72687147387217,-71.50461655780055);
INSERT INTO points (trip_id,ord,x,y) VALUES(16,10,-144.72675976564489,-71.50450530464337);
INSERT INTO points (trip_id,ord,x,y) VALUES(16,11,-144.72664178776475,-71.50440701215307);
INSERT INTO points (trip_id,ord,x,y) VALUES(16,12,-144.72649814044377,-71.50432302686221);
INSERT INTO points (trip_id,ord,x,y) VALUES(16,13,-144.7264513582121,-71.50426677620311);
INSERT INTO points (trip_id,ord,x,y) VALUES(16,14,-144.72640649603701,-71.50408345812035);
INSERT INTO points (trip_id,ord,x,y) VALUES(16,15,-144.72632486116876,-71.50392623421943);
INSERT INTO points (trip_id,ord,x,y) VALUES(16,16,-144.72622258272384,-71.50387551291135);
INSERT INTO points (trip_id,ord,x,y) VALUES(16,17,-144.72602989920307,-71.50368337365295);
INSERT INTO points (trip_id,ord,x,y) VALUES(16,18,-144.7259562674426,-71.50348992719145);
INSERT INTO points (trip_id,ord,x,y) VALUES(16,19,-144.72580153590027,-71.50339799903209);
INSERT INTO trips (id,user_id,name) VALUES(17,31,"trip923");
INSERT INTO points (trip_id,ord,x,y) VALUES(17,1,47.11410566935632,-67.06712178906207);
INSERT INTO points (trip_id,ord,x,y) VALUES(17,2,47.11420711919345,-67.06696734328817);
INSERT INTO points (trip_id,ord,x,y) VALUES(17,3,47.11434457627771,-67.06677918391644);
INSERT INTO points (trip_id,ord,x,y) VALUES(17,4,47.11445492605546,-67.0666272568829);
INSERT INTO points (trip_id,ord,x,y) VALUES(17,5,47.11462328770953,-67.06653518640076);
INSERT INTO trips (id,user_id,name) VALUES(18,40,"trip5303");
INSERT INTO points (trip_id,ord,x,y) VALUES(18,1,84.22617600977316,-48.899755357118636);
INSERT INTO points (trip_id,ord,x,y) VALUES(18,2,84.22624973788598,-48.899568002570014);
INSERT INTO points (trip_id,ord,x,y) VALUES(18,3,84.2264224985133,-48.899378140286885);
INSERT INTO points (trip_id,ord,x,y) VALUES(18,4,84.22654131320651,-48.89918047339666);
INSERT INTO points (trip_id,ord,x,y) VALUES(18,5,84.22670339554719,-48.89908066493427);
INSERT INTO trips (id,user_id,name) VALUES(19,46,"trip2783");
INSERT INTO points (trip_id,ord,x,y) VALUES(19,1,149.6997757509422,80.39921738870666);
INSERT INTO points (trip_id,ord,x,y) VALUES(19,2,149.699870569677,80.39928947235066);
INSERT INTO points (trip_id,ord,x,y) VALUES(19,3,149.6999640847145,80.39934952164813);
INSERT INTO points (trip_id,ord,x,y) VALUES(19,4,149.70009546314085,80.39943330578792);
INSERT INTO points (trip_id,ord,x,y) VALUES(19,5,149.7002260075067,80.39950869486245);
INSERT INTO points (trip_id,ord,x,y) VALUES(19,6,149.70041032524705,80.39966196207187);
INSERT INTO points (trip_id,ord,x,y) VALUES(19,7,149.70046596843696,80.39983025497223);
INSERT INTO points (trip_id,ord,x,y) VALUES(19,8,149.7005558501244,80.39999206484178);
INSERT INTO points (trip_id,ord,x,y) VALUES(19,9,149.70067655056312,80.4001086828908);
INSERT INTO points (trip_id,ord,x,y) VALUES(19,10,149.70081772620665,80.4001744068605);
INSERT INTO points (trip_id,ord,x,y) VALUES(19,11,149.70089655143977,80.40031626275325);
INSERT INTO points (trip_id,ord,x,y) VALUES(19,12,149.7010740642665,80.4003998235863);
INSERT INTO points (trip_id,ord,x,y) VALUES(19,13,149.70121444661282,80.4005376806672);
INSERT INTO trips (id,user_id,name) VALUES(20,8,"trip6929");
INSERT INTO points (trip_id,ord,x,y) VALUES(20,1,-45.08899199414651,-85.81850875424357);
INSERT INTO points (trip_id,ord,x,y) VALUES(20,2,-45.08895775683296,-85.81832410519687);
INSERT INTO points (trip_id,ord,x,y) VALUES(20,3,-45.08888816431254,-85.81829859150692);
INSERT INTO points (trip_id,ord,x,y) VALUES(20,4,-45.08871787263384,-85.81827030329609);
INSERT INTO points (trip_id,ord,x,y) VALUES(20,5,-45.08855198701025,-85.81812105078289);
INSERT INTO points (trip_id,ord,x,y) VALUES(20,6,-45.0883964627719,-85.81799947821271);
INSERT INTO points (trip_id,ord,x,y) VALUES(20,7,-45.08838339747027,-85.81797435715849);
INSERT INTO points (trip_id,ord,x,y) VALUES(20,8,-45.088247448088616,-85.81791007534193);
INSERT INTO trips (id,user_id,name) VALUES(21,32,"trip8821");
INSERT INTO points (trip_id,ord,x,y) VALUES(21,1,179.6692908681418,11.446698892345424);
INSERT INTO points (trip_id,ord,x,y) VALUES(21,2,179.66944011848972,11.446871450191638);
INSERT INTO points (trip_id,ord,x,y) VALUES(21,3,179.669615429022,11.447054150708453);
INSERT INTO points (trip_id,ord,x,y) VALUES(21,4,179.66963867197626,11.447164681181851);
INSERT INTO points (trip_id,ord,x,y) VALUES(21,5,179.66967988057124,11.447186765890127);
INSERT INTO trips (id,user_id,name) VALUES(22,16,"trip7219");
INSERT INTO points (trip_id,ord,x,y) VALUES(22,1,172.40490352500143,7.028401716036939);
INSERT INTO points (trip_id,ord,x,y) VALUES(22,2,172.4050266527408,7.028597933568437);
INSERT INTO points (trip_id,ord,x,y) VALUES(22,3,172.40507369630635,7.028656656569004);
INSERT INTO points (trip_id,ord,x,y) VALUES(22,4,172.40520042057798,7.028833307946771);
INSERT INTO points (trip_id,ord,x,y) VALUES(22,5,172.4053403633451,7.028990060355473);
INSERT INTO points (trip_id,ord,x,y) VALUES(22,6,172.40547725697405,7.02909129018887);
INSERT INTO trips (id,user_id,name) VALUES(23,30,"trip1101");
INSERT INTO points (trip_id,ord,x,y) VALUES(23,1,-174.3853626596684,72.80082588261419);
INSERT INTO points (trip_id,ord,x,y) VALUES(23,2,-174.3852691324116,72.8009505301476);
INSERT INTO points (trip_id,ord,x,y) VALUES(23,3,-174.3851123477962,72.80109597490575);
INSERT INTO points (trip_id,ord,x,y) VALUES(23,4,-174.38495173886048,72.80123148231493);
INSERT INTO points (trip_id,ord,x,y) VALUES(23,5,-174.38479932970415,72.80125417905761);
INSERT INTO points (trip_id,ord,x,y) VALUES(23,6,-174.3847259761592,72.80139521235506);
INSERT INTO points (trip_id,ord,x,y) VALUES(23,7,-174.38469881601748,72.80156678000365);
INSERT INTO points (trip_id,ord,x,y) VALUES(23,8,-174.38459745470806,72.80171407392093);
INSERT INTO points (trip_id,ord,x,y) VALUES(23,9,-174.3844099251377,72.80190953094767);
INSERT INTO points (trip_id,ord,x,y) VALUES(23,10,-174.3842507211591,72.80203577892956);
INSERT INTO points (trip_id,ord,x,y) VALUES(23,11,-174.38408196594494,72.80206330535056);
INSERT INTO points (trip_id,ord,x,y) VALUES(23,12,-174.38406954479157,72.80210148850927);
INSERT INTO points (trip_id,ord,x,y) VALUES(23,13,-174.38402288575028,72.80219304737861);
INSERT INTO points (trip_id,ord,x,y) VALUES(23,14,-174.3839380294947,72.80230213269644);
INSERT INTO points (trip_id,ord,x,y) VALUES(23,15,-174.38376546101136,72.80234210508772);
INSERT INTO points (trip_id,ord,x,y) VALUES(23,16,-174.38371257156052,72.80242136821077);
INSERT INTO points (trip_id,ord,x,y) VALUES(23,17,-174.3837004807748,72.80252662220518);
INSERT INTO points (trip_id,ord,x,y) VALUES(23,18,-174.3836876725719,72.80256248303155);
INSERT INTO points (trip_id,ord,x,y) VALUES(23,19,-174.38357133148264,72.80270017248493);
INSERT INTO trips (id,user_id,name) VALUES(24,25,"trip3548");
INSERT INTO points (trip_id,ord,x,y) VALUES(24,1,-128.48471865652428,-26.140878604439386);
INSERT INTO points (trip_id,ord,x,y) VALUES(24,2,-128.48459858216717,-26.140748458468504);
INSERT INTO points (trip_id,ord,x,y) VALUES(24,3,-128.48452665140263,-26.14063404339805);
INSERT INTO points (trip_id,ord,x,y) VALUES(24,4,-128.484346853421,-26.140523094763815);
INSERT INTO points (trip_id,ord,x,y) VALUES(24,5,-128.4842957686835,-26.140413407869147);
INSERT INTO points (trip_id,ord,x,y) VALUES(24,6,-128.48424769152427,-26.14023974192626);
INSERT INTO points (trip_id,ord,x,y) VALUES(24,7,-128.4841710353158,-26.140054446619214);
INSERT INTO points (trip_id,ord,x,y) VALUES(24,8,-128.4840358033111,-26.139921217125636);
INSERT INTO trips (id,user_id,name) VALUES(25,0,"trip4317");
INSERT INTO points (trip_id,ord,x,y) VALUES(25,1,-50.76599797080564,70.7193957612572);
INSERT INTO points (trip_id,ord,x,y) VALUES(25,2,-50.765936067854376,70.71941978853269);
INSERT INTO points (trip_id,ord,x,y) VALUES(25,3,-50.765919412416544,70.7194862529807);
INSERT INTO points (trip_id,ord,x,y) VALUES(25,4,-50.765755243938116,70.71962126854989);
INSERT INTO points (trip_id,ord,x,y) VALUES(25,5,-50.76559823841739,70.71973945983706);
INSERT INTO points (trip_id,ord,x,y) VALUES(25,6,-50.76546546727969,70.71986712081785);
INSERT INTO points (trip_id,ord,x,y) VALUES(25,7,-50.76531027406276,70.72003269599008);
INSERT INTO points (trip_id,ord,x,y) VALUES(25,8,-50.76524254925919,70.72021796653506);
INSERT INTO points (trip_id,ord,x,y) VALUES(25,9,-50.765129963302975,70.72040747447448);
INSERT INTO points (trip_id,ord,x,y) VALUES(25,10,-50.76503213975399,70.72043689359722);
INSERT INTO points (trip_id,ord,x,y) VALUES(25,11,-50.764896261666536,70.72053275908273);
INSERT INTO points (trip_id,ord,x,y) VALUES(25,12,-50.76483385007515,70.7205710835945);
INSERT INTO points (trip_id,ord,x,y) VALUES(25,13,-50.76463518756813,70.7206657996022);
INSERT INTO points (trip_id,ord,x,y) VALUES(25,14,-50.76462475582445,70.72071647487718);
INSERT INTO points (trip_id,ord,x,y) VALUES(25,15,-50.76457636734131,70.7207953293491);
INSERT INTO points (trip_id,ord,x,y) VALUES(25,16,-50.76450953046517,70.72089411913198);
INSERT INTO points (trip_id,ord,x,y) VALUES(25,17,-50.76433445006603,70.72101009858625);
INSERT INTO points (trip_id,ord,x,y) VALUES(25,18,-50.76430240320228,70.72106804892609);
INSERT INTO points (trip_id,ord,x,y) VALUES(25,19,-50.7641346586074,70.72124716104832);
INSERT INTO points (trip_id,ord,x,y) VALUES(25,20,-50.76407949185407,70.72129229618324);
INSERT INTO trips (id,user_id,name) VALUES(26,11,"trip4183");
INSERT INTO points (trip_id,ord,x,y) VALUES(26,1,-127.43695347983106,-13.097766463400461);
INSERT INTO points (trip_id,ord,x,y) VALUES(26,2,-127.43690132045728,-13.097714486786474);
INSERT INTO points (trip_id,ord,x,y) VALUES(26,3,-127.43689062460612,-13.097559343308149);
INSERT INTO points (trip_id,ord,x,y) VALUES(26,4,-127.43680993861689,-13.09736207847735);
INSERT INTO points (trip_id,ord,x,y) VALUES(26,5,-127.43662132870011,-13.097294943573605);
INSERT INTO points (trip_id,ord,x,y) VALUES(26,6,-127.43650384736735,-13.097229384249609);
INSERT INTO points (trip_id,ord,x,y) VALUES(26,7,-127.43636800789145,-13.097086284730413);
INSERT INTO points (trip_id,ord,x,y) VALUES(26,8,-127.43632937610478,-13.0969342483087);
INSERT INTO points (trip_id,ord,x,y) VALUES(26,9,-127.43617370099655,-13.096798882539575);
INSERT INTO points (trip_id,ord,x,y) VALUES(26,10,-127.43606286765865,-13.096764486775996);
INSERT INTO points (trip_id,ord,x,y) VALUES(26,11,-127.4359005137257,-13.096659363694917);
INSERT INTO points (trip_id,ord,x,y) VALUES(26,12,-127.4358848353404,-13.096605736238368);
INSERT INTO points (trip_id,ord,x,y) VALUES(26,13,-127.43585903578052,-13.096464395446466);
INSERT INTO trips (id,user_id,name) VALUES(27,1,"trip7553");
INSERT INTO points (trip_id,ord,x,y) VALUES(27,1,-129.9887770527255,85.45799223802331);
INSERT INTO points (trip_id,ord,x,y) VALUES(27,2,-129.98864663287642,85.45809071996298);
INSERT INTO points (trip_id,ord,x,y) VALUES(27,3,-129.98861675878103,85.45826829301666);
INSERT INTO points (trip_id,ord,x,y) VALUES(27,4,-129.98848832788298,85.45834419547732);
INSERT INTO points (trip_id,ord,x,y) VALUES(27,5,-129.98831440049617,85.45849782336569);
INSERT INTO points (trip_id,ord,x,y) VALUES(27,6,-129.98829436020873,85.45862730066614);
INSERT INTO points (trip_id,ord,x,y) VALUES(27,7,-129.98816074688995,85.45866880976124);
INSERT INTO points (trip_id,ord,x,y) VALUES(27,8,-129.98812979146624,85.45878944496879);
INSERT INTO points (trip_id,ord,x,y) VALUES(27,9,-129.98800239100117,85.45897631491377);
INSERT INTO points (trip_id,ord,x,y) VALUES(27,10,-129.9879852560134,85.45909149802638);
INSERT INTO points (trip_id,ord,x,y) VALUES(27,11,-129.98794435371292,85.45920284969833);
INSERT INTO trips (id,user_id,name) VALUES(28,4,"trip550");
INSERT INTO points (trip_id,ord,x,y) VALUES(28,1,166.36645512962485,-42.33383382793178);
INSERT INTO points (trip_id,ord,x,y) VALUES(28,2,166.36658490130617,-42.33373173541713);
INSERT INTO points (trip_id,ord,x,y) VALUES(28,3,166.36678346753098,-42.333630021430594);
INSERT INTO points (trip_id,ord,x,y) VALUES(28,4,166.36695702180245,-42.333475219875545);
INSERT INTO points (trip_id,ord,x,y) VALUES(28,5,166.3670931167654,-42.33332551294112);
INSERT INTO points (trip_id,ord,x,y) VALUES(28,6,166.36719657846942,-42.333135398529656);
INSERT INTO points (trip_id,ord,x,y) VALUES(28,7,166.36730018001765,-42.33299259890803);
INSERT INTO points (trip_id,ord,x,y) VALUES(28,8,166.36748052028187,-42.33290508271553);
INSERT INTO points (trip_id,ord,x,y) VALUES(28,9,166.3675555202563,-42.33288472840597);
INSERT INTO points (trip_id,ord,x,y) VALUES(28,10,166.36759512151698,-42.33281456876117);
INSERT INTO points (trip_id,ord,x,y) VALUES(28,11,166.3677696837607,-42.33268879366318);
INSERT INTO points (trip_id,ord,x,y) VALUES(28,12,166.3677959717984,-42.33262717998753);
INSERT INTO points (trip_id,ord,x,y) VALUES(28,13,166.36782116137903,-42.33255725910406);
INSERT INTO points (trip_id,ord,x,y) VALUES(28,14,166.36797827992586,-42.332512910167154);
INSERT INTO points (trip_id,ord,x,y) VALUES(28,15,166.36806953017503,-42.33244409900467);
INSERT INTO points (trip_id,ord,x,y) VALUES(28,16,166.36819153279714,-42.3323366406428);
INSERT INTO points (trip_id,ord,x,y) VALUES(28,17,166.36821772311555,-42.33213967025974);
INSERT INTO points (trip_id,ord,x,y) VALUES(28,18,166.36840298026414,-42.33199696787003);
INSERT INTO trips (id,user_id,name) VALUES(29,8,"trip2747");
INSERT INTO points (trip_id,ord,x,y) VALUES(29,1,94.41778594687258,-48.12608572228731);
INSERT INTO points (trip_id,ord,x,y) VALUES(29,2,94.4179268170857,-48.126033529649135);
INSERT INTO points (trip_id,ord,x,y) VALUES(29,3,94.41805576059812,-48.1258843836444);
INSERT INTO points (trip_id,ord,x,y) VALUES(29,4,94.4180926395088,-48.1257588509918);
INSERT INTO points (trip_id,ord,x,y) VALUES(29,5,94.41811456980847,-48.12564470529338);
INSERT INTO trips (id,user_id,name) VALUES(30,22,"trip3610");
INSERT INTO points (trip_id,ord,x,y) VALUES(30,1,-126.6717540178185,69.33142412434788);
INSERT INTO points (trip_id,ord,x,y) VALUES(30,2,-126.67157860038719,69.33150084983573);
INSERT INTO points (trip_id,ord,x,y) VALUES(30,3,-126.67138416467881,69.33167307150788);
INSERT INTO points (trip_id,ord,x,y) VALUES(30,4,-126.67124626218187,69.33184944061499);
INSERT INTO points (trip_id,ord,x,y) VALUES(30,5,-126.67122700714914,69.331949941923);
INSERT INTO points (trip_id,ord,x,y) VALUES(30,6,-126.67109559782904,69.33201278235482);
INSERT INTO trips (id,user_id,name) VALUES(31,10,"trip1162");
INSERT INTO points (trip_id,ord,x,y) VALUES(31,1,-172.2659777172118,85.39213136053348);
INSERT INTO points (trip_id,ord,x,y) VALUES(31,2,-172.26584072890054,85.39224177333051);
INSERT INTO points (trip_id,ord,x,y) VALUES(31,3,-172.26572067334817,85.3924372670996);
INSERT INTO points (trip_id,ord,x,y) VALUES(31,4,-172.26566998314752,85.39246269837398);
INSERT INTO points (trip_id,ord,x,y) VALUES(31,5,-172.26556514816588,85.39262886129663);
INSERT INTO points (trip_id,ord,x,y) VALUES(31,6,-172.26550270668167,85.39267550364302);
INSERT INTO points (trip_id,ord,x,y) VALUES(31,7,-172.26543431690655,85.39270067985099);
INSERT INTO points (trip_id,ord,x,y) VALUES(31,8,-172.26529577887726,85.39273140047105);
INSERT INTO points (trip_id,ord,x,y) VALUES(31,9,-172.26519716459654,85.3928304397336);
INSERT INTO trips (id,user_id,name) VALUES(32,31,"trip2034");
INSERT INTO points (trip_id,ord,x,y) VALUES(32,1,-4.483754894163809,-57.93619419087048);
INSERT INTO points (trip_id,ord,x,y) VALUES(32,2,-4.483625805102412,-57.936122917072424);
INSERT INTO points (trip_id,ord,x,y) VALUES(32,3,-4.483494090064106,-57.936064411859086);
INSERT INTO points (trip_id,ord,x,y) VALUES(32,4,-4.483337035598872,-57.93591987970424);
INSERT INTO points (trip_id,ord,x,y) VALUES(32,5,-4.483250375067769,-57.93587847519466);
INSERT INTO points (trip_id,ord,x,y) VALUES(32,6,-4.483166868378282,-57.935688920824745);
INSERT INTO points (trip_id,ord,x,y) VALUES(32,7,-4.483066356438416,-57.93554673085107);
INSERT INTO points (trip_id,ord,x,y) VALUES(32,8,-4.48299943728318,-57.9354575817765);
INSERT INTO points (trip_id,ord,x,y) VALUES(32,9,-4.482831462310423,-57.93537386175743);
INSERT INTO points (trip_id,ord,x,y) VALUES(32,10,-4.482739925719207,-57.93535331999406);
INSERT INTO points (trip_id,ord,x,y) VALUES(32,11,-4.482630526325165,-57.93528977824847);
INSERT INTO points (trip_id,ord,x,y) VALUES(32,12,-4.482481196962769,-57.9351366503847);
INSERT INTO points (trip_id,ord,x,y) VALUES(32,13,-4.482429924664923,-57.93495190828322);
INSERT INTO points (trip_id,ord,x,y) VALUES(32,14,-4.482386834590408,-57.934896166577204);
INSERT INTO points (trip_id,ord,x,y) VALUES(32,15,-4.482259848636205,-57.934811388882416);
INSERT INTO points (trip_id,ord,x,y) VALUES(32,16,-4.482162105177823,-57.93476317752895);
INSERT INTO trips (id,user_id,name) VALUES(33,48,"trip7216");
INSERT INTO points (trip_id,ord,x,y) VALUES(33,1,98.68208009697065,62.275492353992746);
INSERT INTO points (trip_id,ord,x,y) VALUES(33,2,98.68211659430193,62.27562367880649);
INSERT INTO points (trip_id,ord,x,y) VALUES(33,3,98.6822305530862,62.275753924903164);
INSERT INTO points (trip_id,ord,x,y) VALUES(33,4,98.68224114623445,62.27586905672407);
INSERT INTO points (trip_id,ord,x,y) VALUES(33,5,98.68229728855142,62.27595475227579);
INSERT INTO points (trip_id,ord,x,y) VALUES(33,6,98.68240320845148,62.27599231949802);
INSERT INTO points (trip_id,ord,x,y) VALUES(33,7,98.68246787951136,62.27600780449255);
INSERT INTO points (trip_id,ord,x,y) VALUES(33,8,98.68256915331344,62.27619172621296);
INSERT INTO points (trip_id,ord,x,y) VALUES(33,9,98.68271116475383,62.27631646526979);
INSERT INTO points (trip_id,ord,x,y) VALUES(33,10,98.6827654259085,62.276453853480625);
INSERT INTO points (trip_id,ord,x,y) VALUES(33,11,98.68289398924497,62.27651255597238);
INSERT INTO points (trip_id,ord,x,y) VALUES(33,12,98.68296456177099,62.27669201165443);
INSERT INTO points (trip_id,ord,x,y) VALUES(33,13,98.68301401247047,62.27683095499885);
INSERT INTO points (trip_id,ord,x,y) VALUES(33,14,98.68304968650678,62.27695316699258);
INSERT INTO points (trip_id,ord,x,y) VALUES(33,15,98.68322700902218,62.27700257202077);
INSERT INTO points (trip_id,ord,x,y) VALUES(33,16,98.68324609477891,62.27715890045247);
INSERT INTO points (trip_id,ord,x,y) VALUES(33,17,98.68325752013043,62.27727787647412);
INSERT INTO points (trip_id,ord,x,y) VALUES(33,18,98.68336770387106,62.27735025475371);
INSERT INTO trips (id,user_id,name) VALUES(34,15,"trip9357");
INSERT INTO points (trip_id,ord,x,y) VALUES(34,1,-175.0752249895857,55.17810592482405);
INSERT INTO points (trip_id,ord,x,y) VALUES(34,2,-175.07513633578546,55.178284686519845);
INSERT INTO points (trip_id,ord,x,y) VALUES(34,3,-175.07497626458698,55.17835493276927);
INSERT INTO points (trip_id,ord,x,y) VALUES(34,4,-175.07489676633747,55.1784130567013);
INSERT INTO points (trip_id,ord,x,y) VALUES(34,5,-175.0747290050353,55.17851414013308);
INSERT INTO points (trip_id,ord,x,y) VALUES(34,6,-175.0746119350425,55.17863232288559);
INSERT INTO points (trip_id,ord,x,y) VALUES(34,7,-175.07448289759,55.178733603024845);
INSERT INTO points (trip_id,ord,x,y) VALUES(34,8,-175.07445077538952,55.17875315789002);
INSERT INTO points (trip_id,ord,x,y) VALUES(34,9,-175.0743930021048,55.1788711738803);
INSERT INTO points (trip_id,ord,x,y) VALUES(34,10,-175.0743267976715,55.17892883299595);
INSERT INTO points (trip_id,ord,x,y) VALUES(34,11,-175.07416093060345,55.178990052028695);
INSERT INTO points (trip_id,ord,x,y) VALUES(34,12,-175.07397896800202,55.17904491862341);
INSERT INTO trips (id,user_id,name) VALUES(35,26,"trip9096");
INSERT INTO points (trip_id,ord,x,y) VALUES(35,1,-147.7590038890361,-17.002051736801235);
INSERT INTO points (trip_id,ord,x,y) VALUES(35,2,-147.7588189455178,-17.001937918419525);
INSERT INTO points (trip_id,ord,x,y) VALUES(35,3,-147.75872945799694,-17.001910556078844);
INSERT INTO points (trip_id,ord,x,y) VALUES(35,4,-147.75868468608155,-17.001897344984194);
INSERT INTO points (trip_id,ord,x,y) VALUES(35,5,-147.7585752640082,-17.001765342756173);
INSERT INTO points (trip_id,ord,x,y) VALUES(35,6,-147.75843742764417,-17.00175402562679);
INSERT INTO points (trip_id,ord,x,y) VALUES(35,7,-147.7583043990192,-17.001566578191486);
INSERT INTO points (trip_id,ord,x,y) VALUES(35,8,-147.75823939278158,-17.00143838572349);
INSERT INTO points (trip_id,ord,x,y) VALUES(35,9,-147.75817098437463,-17.001319287471002);
INSERT INTO points (trip_id,ord,x,y) VALUES(35,10,-147.75798172136749,-17.00119391977689);
INSERT INTO points (trip_id,ord,x,y) VALUES(35,11,-147.75778878643814,-17.001177922317126);
INSERT INTO points (trip_id,ord,x,y) VALUES(35,12,-147.75769707895466,-17.001098337612458);
INSERT INTO points (trip_id,ord,x,y) VALUES(35,13,-147.757643752824,-17.000937865045806);
INSERT INTO points (trip_id,ord,x,y) VALUES(35,14,-147.75751840361264,-17.000852475023308);
INSERT INTO points (trip_id,ord,x,y) VALUES(35,15,-147.75747645780538,-17.000754343929746);
INSERT INTO points (trip_id,ord,x,y) VALUES(35,16,-147.7573947007398,-17.00058907254448);
INSERT INTO points (trip_id,ord,x,y) VALUES(35,17,-147.75737791905814,-17.00049618725336);
INSERT INTO trips (id,user_id,name) VALUES(36,15,"trip2202");
INSERT INTO points (trip_id,ord,x,y) VALUES(36,1,68.52537602057603,8.04556553417693);
INSERT INTO points (trip_id,ord,x,y) VALUES(36,2,68.52546515364931,8.045670895354446);
INSERT INTO points (trip_id,ord,x,y) VALUES(36,3,68.5255722247594,8.045845515580096);
INSERT INTO points (trip_id,ord,x,y) VALUES(36,4,68.5256579705903,8.045923818742285);
INSERT INTO points (trip_id,ord,x,y) VALUES(36,5,68.52577033079032,8.046107474807373);
INSERT INTO points (trip_id,ord,x,y) VALUES(36,6,68.52592166553902,8.046147418379649);
INSERT INTO points (trip_id,ord,x,y) VALUES(36,7,68.52594113239027,8.04620074673968);
INSERT INTO points (trip_id,ord,x,y) VALUES(36,8,68.52611568105473,8.046287182786731);
INSERT INTO trips (id,user_id,name) VALUES(37,14,"trip2813");
INSERT INTO points (trip_id,ord,x,y) VALUES(37,1,-88.04832327169525,-43.72451561647961);
INSERT INTO points (trip_id,ord,x,y) VALUES(37,2,-88.04815664269925,-43.724380609204744);
INSERT INTO points (trip_id,ord,x,y) VALUES(37,3,-88.04798191676055,-43.7242026913048);
INSERT INTO points (trip_id,ord,x,y) VALUES(37,4,-88.04782713082493,-43.72401366202382);
INSERT INTO points (trip_id,ord,x,y) VALUES(37,5,-88.0477967684809,-43.723891260999046);
INSERT INTO points (trip_id,ord,x,y) VALUES(37,6,-88.0477532482854,-43.723774923836295);
INSERT INTO points (trip_id,ord,x,y) VALUES(37,7,-88.0475583362128,-43.72374973647424);
INSERT INTO points (trip_id,ord,x,y) VALUES(37,8,-88.0475130200447,-43.72371228366674);
INSERT INTO points (trip_id,ord,x,y) VALUES(37,9,-88.04747039780803,-43.723647895248526);
INSERT INTO points (trip_id,ord,x,y) VALUES(37,10,-88.04735800693496,-43.72348219896327);
INSERT INTO points (trip_id,ord,x,y) VALUES(37,11,-88.04725417400279,-43.723344268132266);
INSERT INTO points (trip_id,ord,x,y) VALUES(37,12,-88.04720677103931,-43.72328715605092);
INSERT INTO points (trip_id,ord,x,y) VALUES(37,13,-88.04707273592746,-43.72321548351096);
INSERT INTO points (trip_id,ord,x,y) VALUES(37,14,-88.04701633349497,-43.72309215441145);
INSERT INTO points (trip_id,ord,x,y) VALUES(37,15,-88.04682794785704,-43.7230674205044);
INSERT INTO points (trip_id,ord,x,y) VALUES(37,16,-88.0466905632139,-43.72300318467666);
INSERT INTO points (trip_id,ord,x,y) VALUES(37,17,-88.046598193015,-43.722914056691245);
INSERT INTO points (trip_id,ord,x,y) VALUES(37,18,-88.04645985075624,-43.72281866814183);
INSERT INTO points (trip_id,ord,x,y) VALUES(37,19,-88.04644947718161,-43.72274095451046);
INSERT INTO trips (id,user_id,name) VALUES(38,31,"trip2218");
INSERT INTO points (trip_id,ord,x,y) VALUES(38,1,-87.5674472183002,64.79608226420476);
INSERT INTO points (trip_id,ord,x,y) VALUES(38,2,-87.56742657215432,64.79610249695915);
INSERT INTO points (trip_id,ord,x,y) VALUES(38,3,-87.56731781658108,64.79614463222984);
INSERT INTO points (trip_id,ord,x,y) VALUES(38,4,-87.5671845491687,64.7963401078732);
INSERT INTO points (trip_id,ord,x,y) VALUES(38,5,-87.56710727697653,64.79652912729586);
INSERT INTO points (trip_id,ord,x,y) VALUES(38,6,-87.56698496816766,64.79662265539017);
INSERT INTO points (trip_id,ord,x,y) VALUES(38,7,-87.56695693522485,64.79671139701172);
INSERT INTO points (trip_id,ord,x,y) VALUES(38,8,-87.56680410499963,64.79678547959638);
INSERT INTO points (trip_id,ord,x,y) VALUES(38,9,-87.56664347192911,64.79691865166373);
INSERT INTO points (trip_id,ord,x,y) VALUES(38,10,-87.56648153737096,64.79699913949024);
INSERT INTO points (trip_id,ord,x,y) VALUES(38,11,-87.56629219120458,64.79709328392406);
INSERT INTO points (trip_id,ord,x,y) VALUES(38,12,-87.56611710050485,64.79719730044002);
INSERT INTO points (trip_id,ord,x,y) VALUES(38,13,-87.56606378428091,64.79731317525113);
INSERT INTO points (trip_id,ord,x,y) VALUES(38,14,-87.5658941351883,64.79743092699152);
INSERT INTO points (trip_id,ord,x,y) VALUES(38,15,-87.56580977562867,64.797565134932);
INSERT INTO points (trip_id,ord,x,y) VALUES(38,16,-87.56570913542929,64.79773201265378);
INSERT INTO points (trip_id,ord,x,y) VALUES(38,17,-87.56569111656337,64.79778376244192);
INSERT INTO points (trip_id,ord,x,y) VALUES(38,18,-87.56562086812878,64.79789984489481);
INSERT INTO points (trip_id,ord,x,y) VALUES(38,19,-87.56559972660385,64.79794816543352);
INSERT INTO trips (id,user_id,name) VALUES(39,25,"trip7399");
INSERT INTO points (trip_id,ord,x,y) VALUES(39,1,42.096770452017154,-87.40478165525676);
INSERT INTO points (trip_id,ord,x,y) VALUES(39,2,42.09694095944574,-87.4045985106584);
INSERT INTO points (trip_id,ord,x,y) VALUES(39,3,42.096952686805174,-87.40456654639085);
INSERT INTO points (trip_id,ord,x,y) VALUES(39,4,42.09714117396614,-87.40445307064323);
INSERT INTO points (trip_id,ord,x,y) VALUES(39,5,42.09724999982898,-87.40442539628562);
INSERT INTO points (trip_id,ord,x,y) VALUES(39,6,42.09738641527511,-87.40438661758643);
INSERT INTO points (trip_id,ord,x,y) VALUES(39,7,42.09740781232093,-87.40436857875197);
INSERT INTO points (trip_id,ord,x,y) VALUES(39,8,42.097500073526575,-87.40421545901967);
INSERT INTO points (trip_id,ord,x,y) VALUES(39,9,42.09758443486213,-87.40414423136369);
INSERT INTO points (trip_id,ord,x,y) VALUES(39,10,42.097606615525045,-87.40398681138153);
INSERT INTO points (trip_id,ord,x,y) VALUES(39,11,42.097756657980504,-87.40378980152659);
INSERT INTO points (trip_id,ord,x,y) VALUES(39,12,42.09785736634035,-87.40377875190283);
INSERT INTO points (trip_id,ord,x,y) VALUES(39,13,42.098045207367846,-87.40369634920067);
INSERT INTO trips (id,user_id,name) VALUES(40,43,"trip9798");
INSERT INTO points (trip_id,ord,x,y) VALUES(40,1,-78.6778961812144,-87.73053465751283);
INSERT INTO points (trip_id,ord,x,y) VALUES(40,2,-78.67781412462058,-87.73047984407755);
INSERT INTO points (trip_id,ord,x,y) VALUES(40,3,-78.67766756679659,-87.73029590872473);
INSERT INTO points (trip_id,ord,x,y) VALUES(40,4,-78.67747099536918,-87.7301642584391);
INSERT INTO points (trip_id,ord,x,y) VALUES(40,5,-78.67729953220261,-87.73004876691549);
INSERT INTO trips (id,user_id,name) VALUES(41,29,"trip7314");
INSERT INTO points (trip_id,ord,x,y) VALUES(41,1,40.59904637161597,19.235872901921283);
INSERT INTO points (trip_id,ord,x,y) VALUES(41,2,40.5991205504222,19.236047786817625);
INSERT INTO points (trip_id,ord,x,y) VALUES(41,3,40.59928616172956,19.236083871403324);
INSERT INTO points (trip_id,ord,x,y) VALUES(41,4,40.59947586341149,19.236274243664685);
INSERT INTO points (trip_id,ord,x,y) VALUES(41,5,40.599597348593676,19.236349955686467);
INSERT INTO points (trip_id,ord,x,y) VALUES(41,6,40.59968722369935,19.236400418827294);
INSERT INTO points (trip_id,ord,x,y) VALUES(41,7,40.599771716961776,19.23646135636416);
INSERT INTO points (trip_id,ord,x,y) VALUES(41,8,40.59980746475489,19.23661558161255);
INSERT INTO points (trip_id,ord,x,y) VALUES(41,9,40.59982414649437,19.236691631165197);
INSERT INTO points (trip_id,ord,x,y) VALUES(41,10,40.599987651392546,19.23681960632881);
INSERT INTO points (trip_id,ord,x,y) VALUES(41,11,40.600176826484876,19.23699538143456);
INSERT INTO points (trip_id,ord,x,y) VALUES(41,12,40.6003111183326,19.23705572159321);
INSERT INTO points (trip_id,ord,x,y) VALUES(41,13,40.60038185210993,19.237196091072335);
INSERT INTO points (trip_id,ord,x,y) VALUES(41,14,40.60045181828427,19.237255841228443);
INSERT INTO points (trip_id,ord,x,y) VALUES(41,15,40.600624667315145,19.23731472545187);
INSERT INTO points (trip_id,ord,x,y) VALUES(41,16,40.6007947394043,19.237485546861823);
INSERT INTO points (trip_id,ord,x,y) VALUES(41,17,40.600885354439754,19.237638471454044);
INSERT INTO trips (id,user_id,name) VALUES(42,14,"trip5314");
INSERT INTO points (trip_id,ord,x,y) VALUES(42,1,-109.70021671570306,44.55120892760533);
INSERT INTO points (trip_id,ord,x,y) VALUES(42,2,-109.70020075521015,44.551233844063354);
INSERT INTO points (trip_id,ord,x,y) VALUES(42,3,-109.70002087182644,44.551322739432194);
INSERT INTO points (trip_id,ord,x,y) VALUES(42,4,-109.69982350853209,44.55152158694843);
INSERT INTO points (trip_id,ord,x,y) VALUES(42,5,-109.69968079543645,44.55154261612725);
INSERT INTO points (trip_id,ord,x,y) VALUES(42,6,-109.69959302716373,44.551584701086355);
INSERT INTO trips (id,user_id,name) VALUES(43,6,"trip3778");
INSERT INTO points (trip_id,ord,x,y) VALUES(43,1,46.89498776077559,56.570121430518725);
INSERT INTO points (trip_id,ord,x,y) VALUES(43,2,46.89506746504851,56.570158097726036);
INSERT INTO points (trip_id,ord,x,y) VALUES(43,3,46.89510511378825,56.57023352363811);
INSERT INTO points (trip_id,ord,x,y) VALUES(43,4,46.89520583636977,56.57029657248417);
INSERT INTO points (trip_id,ord,x,y) VALUES(43,5,46.895272787039126,56.57044280214387);
INSERT INTO points (trip_id,ord,x,y) VALUES(43,6,46.895371373947135,56.5704756620133);
INSERT INTO points (trip_id,ord,x,y) VALUES(43,7,46.89555422757196,56.57062596573475);
INSERT INTO points (trip_id,ord,x,y) VALUES(43,8,46.89561681679108,56.57065599441333);
INSERT INTO points (trip_id,ord,x,y) VALUES(43,9,46.89579472801861,56.57084568467481);
INSERT INTO points (trip_id,ord,x,y) VALUES(43,10,46.89594649911235,56.57100861439528);
INSERT INTO points (trip_id,ord,x,y) VALUES(43,11,46.895983698100494,56.57105169779122);
INSERT INTO points (trip_id,ord,x,y) VALUES(43,12,46.89614949714315,56.57120012159631);
INSERT INTO points (trip_id,ord,x,y) VALUES(43,13,46.8963276469395,56.57128178620844);
INSERT INTO trips (id,user_id,name) VALUES(44,49,"trip5681");
INSERT INTO points (trip_id,ord,x,y) VALUES(44,1,-17.937311496694974,61.81159397454513);
INSERT INTO points (trip_id,ord,x,y) VALUES(44,2,-17.937139592976198,61.81171363261267);
INSERT INTO points (trip_id,ord,x,y) VALUES(44,3,-17.93694673730625,61.811782793794684);
INSERT INTO points (trip_id,ord,x,y) VALUES(44,4,-17.9368090712199,61.81197027536092);
INSERT INTO points (trip_id,ord,x,y) VALUES(44,5,-17.936708370689903,61.81206789097164);
INSERT INTO points (trip_id,ord,x,y) VALUES(44,6,-17.93652381366238,61.81217452195246);
INSERT INTO trips (id,user_id,name) VALUES(45,8,"trip3130");
INSERT INTO points (trip_id,ord,x,y) VALUES(45,1,44.85967815625264,-69.62283422992859);
INSERT INTO points (trip_id,ord,x,y) VALUES(45,2,44.85977558430563,-69.62277914290351);
INSERT INTO points (trip_id,ord,x,y) VALUES(45,3,44.85989073951992,-69.62270567346015);
INSERT INTO points (trip_id,ord,x,y) VALUES(45,4,44.860007124473704,-69.6226773881249);
INSERT INTO points (trip_id,ord,x,y) VALUES(45,5,44.86019863399703,-69.62249151545018);
INSERT INTO points (trip_id,ord,x,y) VALUES(45,6,44.86029101650763,-69.6223924146868);
INSERT INTO points (trip_id,ord,x,y) VALUES(45,7,44.86036457148812,-69.62231496909742);
INSERT INTO points (trip_id,ord,x,y) VALUES(45,8,44.860415057654684,-69.6222249736027);
INSERT INTO points (trip_id,ord,x,y) VALUES(45,9,44.86058638652811,-69.62213805838276);
INSERT INTO points (trip_id,ord,x,y) VALUES(45,10,44.86071700584322,-69.62202973059779);
INSERT INTO points (trip_id,ord,x,y) VALUES(45,11,44.8608200664881,-69.62183525452599);
INSERT INTO points (trip_id,ord,x,y) VALUES(45,12,44.86097377499322,-69.62163769085342);
INSERT INTO points (trip_id,ord,x,y) VALUES(45,13,44.861008128636044,-69.62152034064752);
INSERT INTO points (trip_id,ord,x,y) VALUES(45,14,44.861048915791955,-69.62144958885595);
INSERT INTO points (trip_id,ord,x,y) VALUES(45,15,44.861245534419474,-69.62134101380104);
INSERT INTO points (trip_id,ord,x,y) VALUES(45,16,44.861434262452384,-69.62119333167188);
INSERT INTO points (trip_id,ord,x,y) VALUES(45,17,44.86158851614967,-69.62103775781577);
INSERT INTO points (trip_id,ord,x,y) VALUES(45,18,44.86168175663469,-69.62088056819344);
INSERT INTO points (trip_id,ord,x,y) VALUES(45,19,44.86174736414677,-69.62071234553729);
INSERT INTO trips (id,user_id,name) VALUES(46,47,"trip1774");
INSERT INTO points (trip_id,ord,x,y) VALUES(46,1,46.94112935903482,75.570048977135);
INSERT INTO points (trip_id,ord,x,y) VALUES(46,2,46.94127746526709,75.57009491714705);
INSERT INTO points (trip_id,ord,x,y) VALUES(46,3,46.94143684585675,75.57029227599129);
INSERT INTO points (trip_id,ord,x,y) VALUES(46,4,46.94161944540712,75.57037834980282);
INSERT INTO points (trip_id,ord,x,y) VALUES(46,5,46.941709312769426,75.5704043555731);
INSERT INTO points (trip_id,ord,x,y) VALUES(46,6,46.94175143491158,75.57044235335742);
INSERT INTO points (trip_id,ord,x,y) VALUES(46,7,46.94177644678305,75.57046075270983);
INSERT INTO trips (id,user_id,name) VALUES(47,32,"trip141");
INSERT INTO points (trip_id,ord,x,y) VALUES(47,1,92.80344727245108,-66.49239214241472);
INSERT INTO points (trip_id,ord,x,y) VALUES(47,2,92.8036108442923,-66.49222960661324);
INSERT INTO points (trip_id,ord,x,y) VALUES(47,3,92.80363402024987,-66.49217114231728);
INSERT INTO points (trip_id,ord,x,y) VALUES(47,4,92.80379432965556,-66.49202317274957);
INSERT INTO points (trip_id,ord,x,y) VALUES(47,5,92.80385693034451,-66.49184748667771);
INSERT INTO points (trip_id,ord,x,y) VALUES(47,6,92.80399148674593,-66.49175715069087);
INSERT INTO points (trip_id,ord,x,y) VALUES(47,7,92.8041310018996,-66.49161315825184);
INSERT INTO points (trip_id,ord,x,y) VALUES(47,8,92.80430384726117,-66.49154448325166);
INSERT INTO points (trip_id,ord,x,y) VALUES(47,9,92.80443822316798,-66.49147452499687);
INSERT INTO points (trip_id,ord,x,y) VALUES(47,10,92.80456755797131,-66.49140265996758);
INSERT INTO points (trip_id,ord,x,y) VALUES(47,11,92.80461305663151,-66.49133100819299);
INSERT INTO points (trip_id,ord,x,y) VALUES(47,12,92.80479519725252,-66.4911825232952);
INSERT INTO points (trip_id,ord,x,y) VALUES(47,13,92.80481631931991,-66.49100546659604);
INSERT INTO points (trip_id,ord,x,y) VALUES(47,14,92.80482659406736,-66.49086860620757);
INSERT INTO points (trip_id,ord,x,y) VALUES(47,15,92.8048874104251,-66.49074461895076);
INSERT INTO points (trip_id,ord,x,y) VALUES(47,16,92.80498196863272,-66.49072757589462);
INSERT INTO trips (id,user_id,name) VALUES(48,50,"trip9470");
INSERT INTO points (trip_id,ord,x,y) VALUES(48,1,24.19603243864404,-40.40648962479587);
INSERT INTO points (trip_id,ord,x,y) VALUES(48,2,24.196088886541368,-40.40640060239665);
INSERT INTO points (trip_id,ord,x,y) VALUES(48,3,24.19611830027977,-40.40621239244209);
INSERT INTO points (trip_id,ord,x,y) VALUES(48,4,24.196312253987692,-40.40617905655627);
INSERT INTO points (trip_id,ord,x,y) VALUES(48,5,24.196406502839118,-40.40602110817871);
INSERT INTO points (trip_id,ord,x,y) VALUES(48,6,24.196518281292185,-40.405864138925494);
INSERT INTO points (trip_id,ord,x,y) VALUES(48,7,24.19668461449351,-40.40579465228776);
INSERT INTO points (trip_id,ord,x,y) VALUES(48,8,24.196851324399663,-40.405773104536905);
INSERT INTO points (trip_id,ord,x,y) VALUES(48,9,24.196881464549403,-40.405723773206866);
INSERT INTO points (trip_id,ord,x,y) VALUES(48,10,24.197026665647574,-40.405688191146346);
INSERT INTO points (trip_id,ord,x,y) VALUES(48,11,24.197067322881242,-40.40560073259147);
INSERT INTO points (trip_id,ord,x,y) VALUES(48,12,24.197219277445612,-40.40543538602769);
INSERT INTO points (trip_id,ord,x,y) VALUES(48,13,24.197332934230715,-40.405309166659585);
INSERT INTO points (trip_id,ord,x,y) VALUES(48,14,24.197419503733787,-40.40518368650518);
INSERT INTO trips (id,user_id,name) VALUES(49,11,"trip4786");
INSERT INTO points (trip_id,ord,x,y) VALUES(49,1,50.297133722087324,-89.0615085521233);
INSERT INTO points (trip_id,ord,x,y) VALUES(49,2,50.29728183690479,-89.06147850888875);
INSERT INTO points (trip_id,ord,x,y) VALUES(49,3,50.2973438897157,-89.06144513722964);
INSERT INTO points (trip_id,ord,x,y) VALUES(49,4,50.297487396559916,-89.06133781381006);
INSERT INTO points (trip_id,ord,x,y) VALUES(49,5,50.2976050773668,-89.06127767130883);
INSERT INTO points (trip_id,ord,x,y) VALUES(49,6,50.29768877411746,-89.06118934177265);
INSERT INTO points (trip_id,ord,x,y) VALUES(49,7,50.29780223029459,-89.06104514227314);
INSERT INTO points (trip_id,ord,x,y) VALUES(49,8,50.29782924161645,-89.06094603672486);
INSERT INTO points (trip_id,ord,x,y) VALUES(49,9,50.29792031323476,-89.06090974277652);
INSERT INTO points (trip_id,ord,x,y) VALUES(49,10,50.298035043107525,-89.06071624062284);
INSERT INTO points (trip_id,ord,x,y) VALUES(49,11,50.29818760416544,-89.06056156093786);
INSERT INTO points (trip_id,ord,x,y) VALUES(49,12,50.2983840928872,-89.06045575221358);
INSERT INTO trips (id,user_id,name) VALUES(50,19,"trip9969");
INSERT INTO points (trip_id,ord,x,y) VALUES(50,1,64.24247360038822,-53.29876303553542);
INSERT INTO points (trip_id,ord,x,y) VALUES(50,2,64.24255943822895,-53.29856910603297);
INSERT INTO points (trip_id,ord,x,y) VALUES(50,3,64.24274773508004,-53.29843315830706);
INSERT INTO points (trip_id,ord,x,y) VALUES(50,4,64.24277607129726,-53.2983546746532);
INSERT INTO points (trip_id,ord,x,y) VALUES(50,5,64.24287190261691,-53.29816562159852);
INSERT INTO points (trip_id,ord,x,y) VALUES(50,6,64.24296171321028,-53.29813624173158);
INSERT INTO points (trip_id,ord,x,y) VALUES(50,7,64.24315539820914,-53.298023224384515);
INSERT INTO points (trip_id,ord,x,y) VALUES(50,8,64.2433393205255,-53.29799623531203);
INSERT INTO points (trip_id,ord,x,y) VALUES(50,9,64.24339502353503,-53.29794749476172);
INSERT INTO points (trip_id,ord,x,y) VALUES(50,10,64.24340774111703,-53.297766104854375);
INSERT INTO points (trip_id,ord,x,y) VALUES(50,11,64.24357527142018,-53.29771731909843);
INSERT INTO trips (id,user_id,name) VALUES(51,45,"trip5686");
INSERT INTO points (trip_id,ord,x,y) VALUES(51,1,75.79805677272955,67.67639548772195);
INSERT INTO points (trip_id,ord,x,y) VALUES(51,2,75.79811720597051,67.67655986348448);
INSERT INTO points (trip_id,ord,x,y) VALUES(51,3,75.7981375570317,67.67670671702889);
INSERT INTO points (trip_id,ord,x,y) VALUES(51,4,75.79820056753782,67.67675841284982);
INSERT INTO points (trip_id,ord,x,y) VALUES(51,5,75.79835735584824,67.6768318909644);
INSERT INTO points (trip_id,ord,x,y) VALUES(51,6,75.79841451088615,67.67688957628683);
INSERT INTO points (trip_id,ord,x,y) VALUES(51,7,75.79849307106606,67.67695572715043);
INSERT INTO points (trip_id,ord,x,y) VALUES(51,8,75.7985919170495,67.67705756233768);
INSERT INTO points (trip_id,ord,x,y) VALUES(51,9,75.79871299540795,67.67717810706937);
INSERT INTO points (trip_id,ord,x,y) VALUES(51,10,75.79880729744895,67.6773389524121);
INSERT INTO points (trip_id,ord,x,y) VALUES(51,11,75.79899413659273,67.67736851507811);
INSERT INTO points (trip_id,ord,x,y) VALUES(51,12,75.79909422357142,67.67748856911842);
INSERT INTO points (trip_id,ord,x,y) VALUES(51,13,75.79915478268964,67.67764721353878);
INSERT INTO points (trip_id,ord,x,y) VALUES(51,14,75.79931740503643,67.67773426447033);
INSERT INTO points (trip_id,ord,x,y) VALUES(51,15,75.79948792797826,67.67791175627391);
INSERT INTO trips (id,user_id,name) VALUES(52,16,"trip8933");
INSERT INTO points (trip_id,ord,x,y) VALUES(52,1,-148.9909698594901,3.0419865135093858);
INSERT INTO points (trip_id,ord,x,y) VALUES(52,2,-148.99086097168268,3.0421358985184863);
INSERT INTO points (trip_id,ord,x,y) VALUES(52,3,-148.99074281127272,3.0421540846353765);
INSERT INTO points (trip_id,ord,x,y) VALUES(52,4,-148.9907151351292,3.0422440989102237);
INSERT INTO points (trip_id,ord,x,y) VALUES(52,5,-148.99061198122695,3.042370890226192);
INSERT INTO trips (id,user_id,name) VALUES(53,20,"trip8732");
INSERT INTO points (trip_id,ord,x,y) VALUES(53,1,-8.755080474170398,86.26668245139672);
INSERT INTO points (trip_id,ord,x,y) VALUES(53,2,-8.754924836352474,86.26687717340617);
INSERT INTO points (trip_id,ord,x,y) VALUES(53,3,-8.754806774578089,86.26706774121699);
INSERT INTO points (trip_id,ord,x,y) VALUES(53,4,-8.754712779551534,86.26709013400126);
INSERT INTO points (trip_id,ord,x,y) VALUES(53,5,-8.754518018438707,86.26712119058342);
INSERT INTO points (trip_id,ord,x,y) VALUES(53,6,-8.754394115918213,86.2672386095567);
INSERT INTO points (trip_id,ord,x,y) VALUES(53,7,-8.754220096702808,86.26733572689491);
INSERT INTO points (trip_id,ord,x,y) VALUES(53,8,-8.754077990378544,86.26745332592935);
INSERT INTO points (trip_id,ord,x,y) VALUES(53,9,-8.75397806977229,86.2675941614487);
INSERT INTO points (trip_id,ord,x,y) VALUES(53,10,-8.753804969444506,86.26764258677433);
INSERT INTO trips (id,user_id,name) VALUES(54,9,"trip6993");
INSERT INTO points (trip_id,ord,x,y) VALUES(54,1,-90.15828960287959,32.030655961742426);
INSERT INTO points (trip_id,ord,x,y) VALUES(54,2,-90.15815135169379,32.030739443238346);
INSERT INTO points (trip_id,ord,x,y) VALUES(54,3,-90.1580131190634,32.03078424249115);
INSERT INTO points (trip_id,ord,x,y) VALUES(54,4,-90.15794767553622,32.030817535584276);
INSERT INTO points (trip_id,ord,x,y) VALUES(54,5,-90.15788292773944,32.03095250666242);
INSERT INTO points (trip_id,ord,x,y) VALUES(54,6,-90.15771018510553,32.0310780193212);
INSERT INTO points (trip_id,ord,x,y) VALUES(54,7,-90.15757628695876,32.031117333741584);
INSERT INTO points (trip_id,ord,x,y) VALUES(54,8,-90.15746876290413,32.03116036043808);
INSERT INTO points (trip_id,ord,x,y) VALUES(54,9,-90.15738988542549,32.03128311391449);
INSERT INTO points (trip_id,ord,x,y) VALUES(54,10,-90.15736415035849,32.03140139701751);
INSERT INTO points (trip_id,ord,x,y) VALUES(54,11,-90.1573431898704,32.03153071209381);
INSERT INTO points (trip_id,ord,x,y) VALUES(54,12,-90.15724170467415,32.03155670089536);
INSERT INTO points (trip_id,ord,x,y) VALUES(54,13,-90.15716388651165,32.03160483784339);
INSERT INTO points (trip_id,ord,x,y) VALUES(54,14,-90.15706355340691,32.03176445992031);
INSERT INTO points (trip_id,ord,x,y) VALUES(54,15,-90.15703092098724,32.031941159255496);
INSERT INTO points (trip_id,ord,x,y) VALUES(54,16,-90.15699610488767,32.032008491974416);
INSERT INTO points (trip_id,ord,x,y) VALUES(54,17,-90.15679700376626,32.03214438536246);
INSERT INTO points (trip_id,ord,x,y) VALUES(54,18,-90.15673108561509,32.03222937558838);
INSERT INTO points (trip_id,ord,x,y) VALUES(54,19,-90.15662284852958,32.03242534854783);
INSERT INTO points (trip_id,ord,x,y) VALUES(54,20,-90.15643067896585,32.032513076043145);
INSERT INTO trips (id,user_id,name) VALUES(55,34,"trip3093");
INSERT INTO points (trip_id,ord,x,y) VALUES(55,1,179.42571333152324,-11.649692321433037);
INSERT INTO points (trip_id,ord,x,y) VALUES(55,2,179.42583251254948,-11.649633738000508);
INSERT INTO points (trip_id,ord,x,y) VALUES(55,3,179.42590504942817,-11.6494459965581);
INSERT INTO points (trip_id,ord,x,y) VALUES(55,4,179.42603077346536,-11.649323977402014);
INSERT INTO points (trip_id,ord,x,y) VALUES(55,5,179.426092591828,-11.649284688509324);
INSERT INTO points (trip_id,ord,x,y) VALUES(55,6,179.42625505674792,-11.649159447253263);
INSERT INTO points (trip_id,ord,x,y) VALUES(55,7,179.42637736362533,-11.649026376780201);
INSERT INTO points (trip_id,ord,x,y) VALUES(55,8,179.4264489254913,-11.64886636090526);
INSERT INTO points (trip_id,ord,x,y) VALUES(55,9,179.4265567958289,-11.648773049288238);
INSERT INTO points (trip_id,ord,x,y) VALUES(55,10,179.4267430757715,-11.648631836838112);
INSERT INTO points (trip_id,ord,x,y) VALUES(55,11,179.4269345693378,-11.648547172418892);
INSERT INTO points (trip_id,ord,x,y) VALUES(55,12,179.42695543712196,-11.648501495898648);
INSERT INTO points (trip_id,ord,x,y) VALUES(55,13,179.42705322439164,-11.648381180684789);
INSERT INTO points (trip_id,ord,x,y) VALUES(55,14,179.4271743440523,-11.64828118198974);
INSERT INTO points (trip_id,ord,x,y) VALUES(55,15,179.42721583161935,-11.648237097973388);
INSERT INTO points (trip_id,ord,x,y) VALUES(55,16,179.42731514056126,-11.648074612630047);
INSERT INTO points (trip_id,ord,x,y) VALUES(55,17,179.42735671577324,-11.647950996962427);
INSERT INTO points (trip_id,ord,x,y) VALUES(55,18,179.42747190031028,-11.647861827428596);
INSERT INTO points (trip_id,ord,x,y) VALUES(55,19,179.42751420031584,-11.64778097045834);
INSERT INTO points (trip_id,ord,x,y) VALUES(55,20,179.42759078465457,-11.6476049945216);
INSERT INTO trips (id,user_id,name) VALUES(56,43,"trip7533");
INSERT INTO points (trip_id,ord,x,y) VALUES(56,1,-8.456356209235594,-86.08012541484902);
INSERT INTO points (trip_id,ord,x,y) VALUES(56,2,-8.45628558983017,-86.08005619270409);
INSERT INTO points (trip_id,ord,x,y) VALUES(56,3,-8.456130010281132,-86.0798738635686);
INSERT INTO points (trip_id,ord,x,y) VALUES(56,4,-8.456046885539003,-86.07971398430183);
INSERT INTO points (trip_id,ord,x,y) VALUES(56,5,-8.45596616171264,-86.07958346551285);
INSERT INTO points (trip_id,ord,x,y) VALUES(56,6,-8.455911605457224,-86.07950146239422);
INSERT INTO points (trip_id,ord,x,y) VALUES(56,7,-8.45586401744397,-86.07945122567988);
INSERT INTO points (trip_id,ord,x,y) VALUES(56,8,-8.455681380230708,-86.07943956650571);
INSERT INTO points (trip_id,ord,x,y) VALUES(56,9,-8.455644404383978,-86.07924567148328);
INSERT INTO points (trip_id,ord,x,y) VALUES(56,10,-8.455550652541367,-86.07910197975227);
INSERT INTO points (trip_id,ord,x,y) VALUES(56,11,-8.455513557047736,-86.07898842743882);
INSERT INTO points (trip_id,ord,x,y) VALUES(56,12,-8.455387034996058,-86.07879861887331);
INSERT INTO points (trip_id,ord,x,y) VALUES(56,13,-8.45526619137895,-86.07860238646334);
INSERT INTO points (trip_id,ord,x,y) VALUES(56,14,-8.455089886594482,-86.07858668385174);
INSERT INTO trips (id,user_id,name) VALUES(57,38,"trip3679");
INSERT INTO points (trip_id,ord,x,y) VALUES(57,1,49.868246032156776,66.53234968988096);
INSERT INTO points (trip_id,ord,x,y) VALUES(57,2,49.868329395272696,66.53249048783866);
INSERT INTO points (trip_id,ord,x,y) VALUES(57,3,49.868393762609315,66.53257771022278);
INSERT INTO points (trip_id,ord,x,y) VALUES(57,4,49.86858817279193,66.53261773509179);
INSERT INTO points (trip_id,ord,x,y) VALUES(57,5,49.868688324847646,66.53281015814997);
INSERT INTO points (trip_id,ord,x,y) VALUES(57,6,49.86882870069412,66.53287935124509);
INSERT INTO points (trip_id,ord,x,y) VALUES(57,7,49.869001137939804,66.53294641918781);
INSERT INTO trips (id,user_id,name) VALUES(58,14,"trip9957");
INSERT INTO points (trip_id,ord,x,y) VALUES(58,1,95.43764379108427,20.6160705196407);
INSERT INTO points (trip_id,ord,x,y) VALUES(58,2,95.43768880556645,20.61611166182077);
INSERT INTO points (trip_id,ord,x,y) VALUES(58,3,95.43787139273844,20.616227456975416);
INSERT INTO points (trip_id,ord,x,y) VALUES(58,4,95.43806838935188,20.616322751542594);
INSERT INTO points (trip_id,ord,x,y) VALUES(58,5,95.4382298239444,20.616369163338963);
INSERT INTO trips (id,user_id,name) VALUES(59,33,"trip2576");
INSERT INTO points (trip_id,ord,x,y) VALUES(59,1,120.79595610092849,83.75505949448902);
INSERT INTO points (trip_id,ord,x,y) VALUES(59,2,120.79597035975392,83.75519469135776);
INSERT INTO points (trip_id,ord,x,y) VALUES(59,3,120.79612112335816,83.75533071862084);
INSERT INTO points (trip_id,ord,x,y) VALUES(59,4,120.79617042733845,83.75549844340203);
INSERT INTO points (trip_id,ord,x,y) VALUES(59,5,120.79637031029922,83.75553577095668);
INSERT INTO points (trip_id,ord,x,y) VALUES(59,6,120.79644276569344,83.75570837850451);
INSERT INTO points (trip_id,ord,x,y) VALUES(59,7,120.79658471434476,83.75585903840118);
INSERT INTO points (trip_id,ord,x,y) VALUES(59,8,120.79666680387625,83.75598751321755);
INSERT INTO points (trip_id,ord,x,y) VALUES(59,9,120.79675650382467,83.75600885402902);
INSERT INTO points (trip_id,ord,x,y) VALUES(59,10,120.79691209605576,83.75608687180514);
INSERT INTO points (trip_id,ord,x,y) VALUES(59,11,120.79696817664886,83.75617710818202);
INSERT INTO points (trip_id,ord,x,y) VALUES(59,12,120.79714727195457,83.7562260361361);
INSERT INTO trips (id,user_id,name) VALUES(60,24,"trip1688");
INSERT INTO points (trip_id,ord,x,y) VALUES(60,1,-160.2761374996366,17.663363778621658);
INSERT INTO points (trip_id,ord,x,y) VALUES(60,2,-160.27612334034552,17.663401192754296);
INSERT INTO points (trip_id,ord,x,y) VALUES(60,3,-160.2760951607473,17.663414401043486);
INSERT INTO points (trip_id,ord,x,y) VALUES(60,4,-160.27592968198888,17.663528555949743);
INSERT INTO points (trip_id,ord,x,y) VALUES(60,5,-160.2758264056202,17.663612016315803);
INSERT INTO points (trip_id,ord,x,y) VALUES(60,6,-160.27580521516745,17.66364617887135);
INSERT INTO points (trip_id,ord,x,y) VALUES(60,7,-160.27563382253655,17.663729881044578);
INSERT INTO points (trip_id,ord,x,y) VALUES(60,8,-160.2754370973676,17.66382843594478);
INSERT INTO points (trip_id,ord,x,y) VALUES(60,9,-160.27540795832294,17.663935644925516);
INSERT INTO points (trip_id,ord,x,y) VALUES(60,10,-160.27539532758675,17.664007080087565);
INSERT INTO trips (id,user_id,name) VALUES(61,23,"trip8292");
INSERT INTO points (trip_id,ord,x,y) VALUES(61,1,67.8606435339889,65.44449065817568);
INSERT INTO points (trip_id,ord,x,y) VALUES(61,2,67.86074849122468,65.44450523296348);
INSERT INTO points (trip_id,ord,x,y) VALUES(61,3,67.86082123228176,65.44455614526711);
INSERT INTO points (trip_id,ord,x,y) VALUES(61,4,67.86097639453256,65.44471068330762);
INSERT INTO points (trip_id,ord,x,y) VALUES(61,5,67.86108665829185,65.44474646260684);
INSERT INTO points (trip_id,ord,x,y) VALUES(61,6,67.86113345578669,65.44479579721434);
INSERT INTO points (trip_id,ord,x,y) VALUES(61,7,67.86132587404127,65.4448203792753);
INSERT INTO points (trip_id,ord,x,y) VALUES(61,8,67.86143173599955,65.44483683159987);
INSERT INTO points (trip_id,ord,x,y) VALUES(61,9,67.8614434994897,65.4449588171099);
INSERT INTO points (trip_id,ord,x,y) VALUES(61,10,67.86151098920791,65.44514529219175);
INSERT INTO points (trip_id,ord,x,y) VALUES(61,11,67.86159120652852,65.44528705635054);
INSERT INTO points (trip_id,ord,x,y) VALUES(61,12,67.86178758837288,65.44545393118308);
INSERT INTO points (trip_id,ord,x,y) VALUES(61,13,67.86195233922996,65.4455540444754);
INSERT INTO points (trip_id,ord,x,y) VALUES(61,14,67.86197322711675,65.44558920786075);
INSERT INTO points (trip_id,ord,x,y) VALUES(61,15,67.86207411161334,65.4457213630604);
INSERT INTO points (trip_id,ord,x,y) VALUES(61,16,67.86211821809172,65.44573960893896);
INSERT INTO points (trip_id,ord,x,y) VALUES(61,17,67.86214655466334,65.44591499105385);
INSERT INTO points (trip_id,ord,x,y) VALUES(61,18,67.86234649366332,65.4459603028736);
INSERT INTO trips (id,user_id,name) VALUES(62,50,"trip21");
INSERT INTO points (trip_id,ord,x,y) VALUES(62,1,121.54433206915189,-70.47921077132932);
INSERT INTO points (trip_id,ord,x,y) VALUES(62,2,121.54448663016434,-70.47905698235257);
INSERT INTO points (trip_id,ord,x,y) VALUES(62,3,121.54465101934039,-70.47903811088729);
INSERT INTO points (trip_id,ord,x,y) VALUES(62,4,121.5448328763938,-70.4789669087029);
INSERT INTO points (trip_id,ord,x,y) VALUES(62,5,121.54487937369463,-70.47886687940876);
INSERT INTO points (trip_id,ord,x,y) VALUES(62,6,121.54501199352164,-70.47883849455296);
INSERT INTO points (trip_id,ord,x,y) VALUES(62,7,121.5451176849247,-70.47876282426492);
INSERT INTO points (trip_id,ord,x,y) VALUES(62,8,121.54514300216566,-70.47864265776863);
INSERT INTO points (trip_id,ord,x,y) VALUES(62,9,121.54516706582285,-70.47847814751077);
INSERT INTO points (trip_id,ord,x,y) VALUES(62,10,121.5453477887292,-70.47829922129064);
INSERT INTO points (trip_id,ord,x,y) VALUES(62,11,121.54541904369796,-70.47819709990281);
INSERT INTO points (trip_id,ord,x,y) VALUES(62,12,121.54554886129813,-70.47806147288983);
INSERT INTO points (trip_id,ord,x,y) VALUES(62,13,121.54556511571046,-70.47788696478112);
INSERT INTO points (trip_id,ord,x,y) VALUES(62,14,121.5455896016787,-70.47779765709743);
INSERT INTO points (trip_id,ord,x,y) VALUES(62,15,121.54564417542356,-70.47765772919439);
INSERT INTO trips (id,user_id,name) VALUES(63,30,"trip2372");
INSERT INTO points (trip_id,ord,x,y) VALUES(63,1,-135.35789036574772,40.999121135784435);
INSERT INTO points (trip_id,ord,x,y) VALUES(63,2,-135.35774859627847,40.99915784065607);
INSERT INTO points (trip_id,ord,x,y) VALUES(63,3,-135.35773574344498,40.999258915410316);
INSERT INTO points (trip_id,ord,x,y) VALUES(63,4,-135.35767291893842,40.99932621323298);
INSERT INTO points (trip_id,ord,x,y) VALUES(63,5,-135.35758354265357,40.999460275611284);
INSERT INTO points (trip_id,ord,x,y) VALUES(63,6,-135.35747669011744,40.9995042946331);
INSERT INTO points (trip_id,ord,x,y) VALUES(63,7,-135.35733272796554,40.99953042703256);
INSERT INTO points (trip_id,ord,x,y) VALUES(63,8,-135.35718891557062,40.99955378913203);
INSERT INTO points (trip_id,ord,x,y) VALUES(63,9,-135.35704250296504,40.999629538778514);
INSERT INTO trips (id,user_id,name) VALUES(64,9,"trip5948");
INSERT INTO points (trip_id,ord,x,y) VALUES(64,1,-54.53874660975936,-15.55870864096957);
INSERT INTO points (trip_id,ord,x,y) VALUES(64,2,-54.53863958717007,-15.558635886992956);
INSERT INTO points (trip_id,ord,x,y) VALUES(64,3,-54.53862549550779,-15.558526707402033);
INSERT INTO points (trip_id,ord,x,y) VALUES(64,4,-54.538496477511124,-15.55841078629227);
INSERT INTO points (trip_id,ord,x,y) VALUES(64,5,-54.53848622725739,-15.55826180888435);
INSERT INTO points (trip_id,ord,x,y) VALUES(64,6,-54.53832995761738,-15.55815285507238);
INSERT INTO points (trip_id,ord,x,y) VALUES(64,7,-54.538147134391664,-15.558031326989937);
INSERT INTO trips (id,user_id,name) VALUES(65,36,"trip4555");
INSERT INTO points (trip_id,ord,x,y) VALUES(65,1,-76.75712300585744,-18.716667086216518);
INSERT INTO points (trip_id,ord,x,y) VALUES(65,2,-76.75696267175336,-18.716505665853287);
INSERT INTO points (trip_id,ord,x,y) VALUES(65,3,-76.75691624777598,-18.71639366140859);
INSERT INTO points (trip_id,ord,x,y) VALUES(65,4,-76.75690213745601,-18.716335783727807);
INSERT INTO points (trip_id,ord,x,y) VALUES(65,5,-76.75677413592578,-18.71624801670921);
INSERT INTO points (trip_id,ord,x,y) VALUES(65,6,-76.75662831420311,-18.716103075727503);
INSERT INTO points (trip_id,ord,x,y) VALUES(65,7,-76.7565067496655,-18.715953909784908);
INSERT INTO points (trip_id,ord,x,y) VALUES(65,8,-76.75645580929415,-18.715916764295258);
INSERT INTO points (trip_id,ord,x,y) VALUES(65,9,-76.75633908663174,-18.7157311898996);
INSERT INTO points (trip_id,ord,x,y) VALUES(65,10,-76.7562929997987,-18.715653382191803);
INSERT INTO points (trip_id,ord,x,y) VALUES(65,11,-76.75620982877761,-18.71545543325913);
INSERT INTO points (trip_id,ord,x,y) VALUES(65,12,-76.75607324461559,-18.715344433090035);
INSERT INTO points (trip_id,ord,x,y) VALUES(65,13,-76.75603665689422,-18.71529611139462);
INSERT INTO trips (id,user_id,name) VALUES(66,28,"trip2277");
INSERT INTO points (trip_id,ord,x,y) VALUES(66,1,164.60610618485617,70.68391803350829);
INSERT INTO points (trip_id,ord,x,y) VALUES(66,2,164.60619497856393,70.68402330988101);
INSERT INTO points (trip_id,ord,x,y) VALUES(66,3,164.60636701935982,70.68417644461577);
INSERT INTO points (trip_id,ord,x,y) VALUES(66,4,164.60650081157536,70.68432777171407);
INSERT INTO points (trip_id,ord,x,y) VALUES(66,5,164.60663198123052,70.68435601958062);
INSERT INTO points (trip_id,ord,x,y) VALUES(66,6,164.6067742366694,70.68437343617249);
INSERT INTO points (trip_id,ord,x,y) VALUES(66,7,164.6069255251718,70.68448855144267);
INSERT INTO points (trip_id,ord,x,y) VALUES(66,8,164.6070442459123,70.68466149433085);
INSERT INTO trips (id,user_id,name) VALUES(67,38,"trip5438");
INSERT INTO points (trip_id,ord,x,y) VALUES(67,1,52.98970358500492,68.19633190292117);
INSERT INTO points (trip_id,ord,x,y) VALUES(67,2,52.98987166949043,68.19637487566801);
INSERT INTO points (trip_id,ord,x,y) VALUES(67,3,52.990066912689265,68.19650856134946);
INSERT INTO points (trip_id,ord,x,y) VALUES(67,4,52.990123943754554,68.19659224233725);
INSERT INTO points (trip_id,ord,x,y) VALUES(67,5,52.990142973687526,68.19674897908912);
INSERT INTO points (trip_id,ord,x,y) VALUES(67,6,52.990220851615966,68.19689153533007);
INSERT INTO points (trip_id,ord,x,y) VALUES(67,7,52.990256637251804,68.19696624959768);
INSERT INTO points (trip_id,ord,x,y) VALUES(67,8,52.99032671832962,68.19707580547126);
INSERT INTO points (trip_id,ord,x,y) VALUES(67,9,52.99046968377815,68.1971522770222);
INSERT INTO points (trip_id,ord,x,y) VALUES(67,10,52.99056131862901,68.19733669509203);
INSERT INTO points (trip_id,ord,x,y) VALUES(67,11,52.99059418834782,68.19744131953735);
INSERT INTO points (trip_id,ord,x,y) VALUES(67,12,52.99073905116494,68.19750220319658);
INSERT INTO points (trip_id,ord,x,y) VALUES(67,13,52.99074966212202,68.19754872126279);
INSERT INTO points (trip_id,ord,x,y) VALUES(67,14,52.990802694605726,68.19771345035);
INSERT INTO points (trip_id,ord,x,y) VALUES(67,15,52.99092454052476,68.19787118259495);
INSERT INTO points (trip_id,ord,x,y) VALUES(67,16,52.991120019226265,68.1979206582826);
INSERT INTO points (trip_id,ord,x,y) VALUES(67,17,52.991232949801265,68.19801345237249);
INSERT INTO points (trip_id,ord,x,y) VALUES(67,18,52.99142089587803,68.19812222163145);
INSERT INTO points (trip_id,ord,x,y) VALUES(67,19,52.99153512720881,68.19830713738476);
INSERT INTO trips (id,user_id,name) VALUES(68,19,"trip7974");
INSERT INTO points (trip_id,ord,x,y) VALUES(68,1,50.6028915986152,-56.34359677196427);
INSERT INTO points (trip_id,ord,x,y) VALUES(68,2,50.60305255633533,-56.343425623433184);
INSERT INTO points (trip_id,ord,x,y) VALUES(68,3,50.603189291825444,-56.34328704982596);
INSERT INTO points (trip_id,ord,x,y) VALUES(68,4,50.603279053076776,-56.34310335210147);
INSERT INTO points (trip_id,ord,x,y) VALUES(68,5,50.603417368492984,-56.34292586705003);
INSERT INTO points (trip_id,ord,x,y) VALUES(68,6,50.6035858094974,-56.3428688247628);
INSERT INTO points (trip_id,ord,x,y) VALUES(68,7,50.603713049836,-56.34268917876312);
INSERT INTO points (trip_id,ord,x,y) VALUES(68,8,50.603782092464904,-56.34265428442629);
INSERT INTO points (trip_id,ord,x,y) VALUES(68,9,50.60387205419472,-56.34263567515227);
INSERT INTO points (trip_id,ord,x,y) VALUES(68,10,50.60405337698289,-56.342608739830226);
INSERT INTO points (trip_id,ord,x,y) VALUES(68,11,50.60415053174004,-56.34246747668676);
INSERT INTO points (trip_id,ord,x,y) VALUES(68,12,50.60419423408102,-56.342442697551945);
INSERT INTO points (trip_id,ord,x,y) VALUES(68,13,50.60428306528309,-56.34233479565828);
INSERT INTO points (trip_id,ord,x,y) VALUES(68,14,50.604431043077014,-56.34217617499993);
INSERT INTO points (trip_id,ord,x,y) VALUES(68,15,50.60455096060794,-56.342104295155146);
INSERT INTO points (trip_id,ord,x,y) VALUES(68,16,50.604652770239454,-56.34196464341636);
INSERT INTO points (trip_id,ord,x,y) VALUES(68,17,50.604779163604576,-56.341771490696274);
INSERT INTO points (trip_id,ord,x,y) VALUES(68,18,50.60491161855827,-56.34168267060476);
INSERT INTO trips (id,user_id,name) VALUES(69,35,"trip1096");
INSERT INTO points (trip_id,ord,x,y) VALUES(69,1,-33.485679362655276,-45.422480146671646);
INSERT INTO points (trip_id,ord,x,y) VALUES(69,2,-33.48559708377517,-45.42235374862059);
INSERT INTO points (trip_id,ord,x,y) VALUES(69,3,-33.48544643175671,-45.42224472534554);
INSERT INTO points (trip_id,ord,x,y) VALUES(69,4,-33.48536463856669,-45.422088872690054);
INSERT INTO points (trip_id,ord,x,y) VALUES(69,5,-33.485286738350084,-45.422067085150026);
INSERT INTO points (trip_id,ord,x,y) VALUES(69,6,-33.48513604622799,-45.42203940165265);
INSERT INTO points (trip_id,ord,x,y) VALUES(69,7,-33.48504557065665,-45.421889598491674);
INSERT INTO points (trip_id,ord,x,y) VALUES(69,8,-33.4849648330903,-45.42171628460039);
INSERT INTO points (trip_id,ord,x,y) VALUES(69,9,-33.484933332506856,-45.421675477230174);
INSERT INTO points (trip_id,ord,x,y) VALUES(69,10,-33.48482321023863,-45.42165081551992);
INSERT INTO points (trip_id,ord,x,y) VALUES(69,11,-33.48473471152522,-45.42154175348046);
INSERT INTO points (trip_id,ord,x,y) VALUES(69,12,-33.484714485767235,-45.421360107308814);
INSERT INTO points (trip_id,ord,x,y) VALUES(69,13,-33.48454884407642,-45.421234861605875);
INSERT INTO points (trip_id,ord,x,y) VALUES(69,14,-33.484429317877314,-45.42105695241765);
INSERT INTO points (trip_id,ord,x,y) VALUES(69,15,-33.48433519642153,-45.420985129838016);
INSERT INTO points (trip_id,ord,x,y) VALUES(69,16,-33.48414546050123,-45.42091963594619);
INSERT INTO points (trip_id,ord,x,y) VALUES(69,17,-33.48412511601316,-45.420780336763734);
INSERT INTO points (trip_id,ord,x,y) VALUES(69,18,-33.4839485033408,-45.42062921916085);
INSERT INTO points (trip_id,ord,x,y) VALUES(69,19,-33.48387021714401,-45.42053022322628);
INSERT INTO trips (id,user_id,name) VALUES(70,21,"trip3344");
INSERT INTO points (trip_id,ord,x,y) VALUES(70,1,104.03980345463373,-28.23266255849377);
INSERT INTO points (trip_id,ord,x,y) VALUES(70,2,104.03991789432443,-28.232618910955388);
INSERT INTO points (trip_id,ord,x,y) VALUES(70,3,104.04004264450131,-28.232519057936692);
INSERT INTO points (trip_id,ord,x,y) VALUES(70,4,104.04018688394231,-28.232404890204148);
INSERT INTO points (trip_id,ord,x,y) VALUES(70,5,104.04029430970853,-28.232252670377374);
INSERT INTO points (trip_id,ord,x,y) VALUES(70,6,104.0403903830739,-28.232170858725937);
INSERT INTO points (trip_id,ord,x,y) VALUES(70,7,104.04047132358362,-28.23200816104966);
INSERT INTO points (trip_id,ord,x,y) VALUES(70,8,104.04064907139053,-28.23185877488751);
INSERT INTO trips (id,user_id,name) VALUES(71,37,"trip9382");
INSERT INTO points (trip_id,ord,x,y) VALUES(71,1,-152.11293762002754,-77.33665256911276);
INSERT INTO points (trip_id,ord,x,y) VALUES(71,2,-152.11292081267473,-77.33663279904364);
INSERT INTO points (trip_id,ord,x,y) VALUES(71,3,-152.11275733489447,-77.3365314416968);
INSERT INTO points (trip_id,ord,x,y) VALUES(71,4,-152.11256452341289,-77.3363397085133);
INSERT INTO points (trip_id,ord,x,y) VALUES(71,5,-152.11238972802815,-77.3362411613384);
INSERT INTO points (trip_id,ord,x,y) VALUES(71,6,-152.11222349004072,-77.33616284357085);
INSERT INTO points (trip_id,ord,x,y) VALUES(71,7,-152.1121451651582,-77.33610927567003);
INSERT INTO points (trip_id,ord,x,y) VALUES(71,8,-152.1120205999032,-77.33594428329512);
INSERT INTO points (trip_id,ord,x,y) VALUES(71,9,-152.11199082255519,-77.3358759750455);
INSERT INTO points (trip_id,ord,x,y) VALUES(71,10,-152.11184344504088,-77.33576715170567);
INSERT INTO points (trip_id,ord,x,y) VALUES(71,11,-152.11177183337728,-77.33567360967014);
INSERT INTO points (trip_id,ord,x,y) VALUES(71,12,-152.11171246694641,-77.33561313275821);
INSERT INTO points (trip_id,ord,x,y) VALUES(71,13,-152.1115386129499,-77.3354686944142);
INSERT INTO points (trip_id,ord,x,y) VALUES(71,14,-152.1113437341111,-77.33543807619614);
INSERT INTO points (trip_id,ord,x,y) VALUES(71,15,-152.11118654202673,-77.33536691901621);
INSERT INTO trips (id,user_id,name) VALUES(72,23,"trip6628");
INSERT INTO points (trip_id,ord,x,y) VALUES(72,1,-48.47086398621096,-83.75266196645609);
INSERT INTO points (trip_id,ord,x,y) VALUES(72,2,-48.47079879440248,-83.75249994720512);
INSERT INTO points (trip_id,ord,x,y) VALUES(72,3,-48.470612784227875,-83.75237995576202);
INSERT INTO points (trip_id,ord,x,y) VALUES(72,4,-48.47046335408358,-83.75234987975206);
INSERT INTO points (trip_id,ord,x,y) VALUES(72,5,-48.47032312162133,-83.75216242088673);
INSERT INTO points (trip_id,ord,x,y) VALUES(72,6,-48.47025579308815,-83.75213954473662);
INSERT INTO points (trip_id,ord,x,y) VALUES(72,7,-48.47009104018663,-83.75202143310882);
INSERT INTO points (trip_id,ord,x,y) VALUES(72,8,-48.46997089353592,-83.7519572844963);
INSERT INTO points (trip_id,ord,x,y) VALUES(72,9,-48.46991104571507,-83.75178392302773);
INSERT INTO trips (id,user_id,name) VALUES(73,24,"trip9608");
INSERT INTO points (trip_id,ord,x,y) VALUES(73,1,142.41301767080694,20.65262342071763);
INSERT INTO points (trip_id,ord,x,y) VALUES(73,2,142.4130354460541,20.652783173046643);
INSERT INTO points (trip_id,ord,x,y) VALUES(73,3,142.41306395401307,20.652807320693242);
INSERT INTO points (trip_id,ord,x,y) VALUES(73,4,142.41310686041538,20.652921613949946);
INSERT INTO points (trip_id,ord,x,y) VALUES(73,5,142.41326948254368,20.65308236673309);
INSERT INTO points (trip_id,ord,x,y) VALUES(73,6,142.41346084058904,20.653155561040084);
INSERT INTO points (trip_id,ord,x,y) VALUES(73,7,142.41351225959744,20.65323262646442);
INSERT INTO points (trip_id,ord,x,y) VALUES(73,8,142.41368325906222,20.653271385060254);
INSERT INTO points (trip_id,ord,x,y) VALUES(73,9,142.41371008909098,20.653417712083655);
INSERT INTO points (trip_id,ord,x,y) VALUES(73,10,142.4138434334384,20.653488821308063);
INSERT INTO points (trip_id,ord,x,y) VALUES(73,11,142.41401071225945,20.653662033498343);
INSERT INTO points (trip_id,ord,x,y) VALUES(73,12,142.4141189439509,20.6538535284573);
INSERT INTO trips (id,user_id,name) VALUES(74,36,"trip6911");
INSERT INTO points (trip_id,ord,x,y) VALUES(74,1,-168.9982431890723,-9.991797267992055);
INSERT INTO points (trip_id,ord,x,y) VALUES(74,2,-168.99822315240456,-9.991665748884815);
INSERT INTO points (trip_id,ord,x,y) VALUES(74,3,-168.9981090150981,-9.99158945198536);
INSERT INTO points (trip_id,ord,x,y) VALUES(74,4,-168.9979548567145,-9.991555115391892);
INSERT INTO points (trip_id,ord,x,y) VALUES(74,5,-168.9977981633335,-9.991476543684742);
INSERT INTO points (trip_id,ord,x,y) VALUES(74,6,-168.99765849350166,-9.991439659333906);
INSERT INTO points (trip_id,ord,x,y) VALUES(74,7,-168.9974591097739,-9.991356767025245);
INSERT INTO points (trip_id,ord,x,y) VALUES(74,8,-168.99741946378452,-9.991233294683353);
INSERT INTO points (trip_id,ord,x,y) VALUES(74,9,-168.9973077985953,-9.991104599771527);
INSERT INTO points (trip_id,ord,x,y) VALUES(74,10,-168.99716186013592,-9.990910222120304);
INSERT INTO trips (id,user_id,name) VALUES(75,38,"trip3475");
INSERT INTO points (trip_id,ord,x,y) VALUES(75,1,169.5959372731146,33.59893423925742);
INSERT INTO points (trip_id,ord,x,y) VALUES(75,2,169.5959945897561,33.599028456589664);
INSERT INTO points (trip_id,ord,x,y) VALUES(75,3,169.59615748411477,33.5990918102666);
INSERT INTO points (trip_id,ord,x,y) VALUES(75,4,169.59628024675112,33.5991279970704);
INSERT INTO points (trip_id,ord,x,y) VALUES(75,5,169.5963997606575,33.599321762725864);
INSERT INTO points (trip_id,ord,x,y) VALUES(75,6,169.59650164369066,33.599489629616905);
INSERT INTO points (trip_id,ord,x,y) VALUES(75,7,169.5966257861165,33.599675581801094);
INSERT INTO points (trip_id,ord,x,y) VALUES(75,8,169.59678458072852,33.599726689993034);
INSERT INTO trips (id,user_id,name) VALUES(76,2,"trip1357");
INSERT INTO points (trip_id,ord,x,y) VALUES(76,1,24.815232109342844,1.5719123905834067);
INSERT INTO points (trip_id,ord,x,y) VALUES(76,2,24.815371147997023,1.572108546084778);
INSERT INTO points (trip_id,ord,x,y) VALUES(76,3,24.815525838872006,1.572263969600952);
INSERT INTO points (trip_id,ord,x,y) VALUES(76,4,24.815573903713535,1.5723955209960379);
INSERT INTO points (trip_id,ord,x,y) VALUES(76,5,24.815600593519147,1.5724848963043836);
INSERT INTO points (trip_id,ord,x,y) VALUES(76,6,24.815690439700198,1.572539631036875);
INSERT INTO points (trip_id,ord,x,y) VALUES(76,7,24.81571838254834,1.5725697196152564);
INSERT INTO points (trip_id,ord,x,y) VALUES(76,8,24.815833071462936,1.5727028316495366);
INSERT INTO trips (id,user_id,name) VALUES(77,24,"trip5925");
INSERT INTO points (trip_id,ord,x,y) VALUES(77,1,-40.38837792812603,-89.04914947544775);
INSERT INTO points (trip_id,ord,x,y) VALUES(77,2,-40.38835044052765,-89.04901102895847);
INSERT INTO points (trip_id,ord,x,y) VALUES(77,3,-40.388280815693236,-89.04885980525252);
INSERT INTO points (trip_id,ord,x,y) VALUES(77,4,-40.38822036400226,-89.04877916268846);
INSERT INTO points (trip_id,ord,x,y) VALUES(77,5,-40.38807976417559,-89.04875451885675);
INSERT INTO points (trip_id,ord,x,y) VALUES(77,6,-40.387939419104775,-89.04871907512059);
INSERT INTO points (trip_id,ord,x,y) VALUES(77,7,-40.3878191433528,-89.04861280852633);
INSERT INTO trips (id,user_id,name) VALUES(78,39,"trip8262");
INSERT INTO points (trip_id,ord,x,y) VALUES(78,1,151.76750023215385,-31.129481031626966);
INSERT INTO points (trip_id,ord,x,y) VALUES(78,2,151.7676637379593,-31.129299127101646);
INSERT INTO points (trip_id,ord,x,y) VALUES(78,3,151.7678347465915,-31.129211157977327);
INSERT INTO points (trip_id,ord,x,y) VALUES(78,4,151.76786807296043,-31.129148603379505);
INSERT INTO points (trip_id,ord,x,y) VALUES(78,5,151.76790983042505,-31.12911833961582);
INSERT INTO points (trip_id,ord,x,y) VALUES(78,6,151.76801209583263,-31.129093750973578);
INSERT INTO points (trip_id,ord,x,y) VALUES(78,7,151.768186929083,-31.128915350517037);
INSERT INTO points (trip_id,ord,x,y) VALUES(78,8,151.76834407280558,-31.128886588619228);
INSERT INTO trips (id,user_id,name) VALUES(79,23,"trip3102");
INSERT INTO points (trip_id,ord,x,y) VALUES(79,1,82.88326173008562,27.8945352313996);
INSERT INTO points (trip_id,ord,x,y) VALUES(79,2,82.88331270271084,27.894601298137484);
INSERT INTO points (trip_id,ord,x,y) VALUES(79,3,82.88342916777233,27.894771043153167);
INSERT INTO points (trip_id,ord,x,y) VALUES(79,4,82.88348927901936,27.89497006391);
INSERT INTO points (trip_id,ord,x,y) VALUES(79,5,82.8835666669917,27.89516931677316);
INSERT INTO points (trip_id,ord,x,y) VALUES(79,6,82.88372454546705,27.895222221065293);
INSERT INTO points (trip_id,ord,x,y) VALUES(79,7,82.88373574500979,27.89532500877835);
INSERT INTO points (trip_id,ord,x,y) VALUES(79,8,82.88376546115498,27.8954315554617);
INSERT INTO points (trip_id,ord,x,y) VALUES(79,9,82.8839041708134,27.895508529625065);
INSERT INTO trips (id,user_id,name) VALUES(80,34,"trip8052");
INSERT INTO points (trip_id,ord,x,y) VALUES(80,1,168.76917306888026,4.447973944280477);
INSERT INTO points (trip_id,ord,x,y) VALUES(80,2,168.7693417614201,4.4480077228250945);
INSERT INTO points (trip_id,ord,x,y) VALUES(80,3,168.76948643519165,4.448119240363308);
INSERT INTO points (trip_id,ord,x,y) VALUES(80,4,168.76961806626974,4.448301998551191);
INSERT INTO points (trip_id,ord,x,y) VALUES(80,5,168.76979401965062,4.448421231804091);
INSERT INTO points (trip_id,ord,x,y) VALUES(80,6,168.7698658873995,4.448608199802076);
INSERT INTO points (trip_id,ord,x,y) VALUES(80,7,168.76989221880584,4.4486640538001945);
INSERT INTO points (trip_id,ord,x,y) VALUES(80,8,168.76996010199767,4.448844950604925);
INSERT INTO points (trip_id,ord,x,y) VALUES(80,9,168.76998990492618,4.448935751040363);
INSERT INTO points (trip_id,ord,x,y) VALUES(80,10,168.77018911608707,4.449024249111806);
INSERT INTO points (trip_id,ord,x,y) VALUES(80,11,168.77024315271746,4.449163168768046);
INSERT INTO points (trip_id,ord,x,y) VALUES(80,12,168.77032479712258,4.449180970871993);
INSERT INTO points (trip_id,ord,x,y) VALUES(80,13,168.77040557549182,4.449290388604429);
INSERT INTO points (trip_id,ord,x,y) VALUES(80,14,168.77048800780523,4.449378643992421);
INSERT INTO trips (id,user_id,name) VALUES(81,40,"trip9969");
INSERT INTO points (trip_id,ord,x,y) VALUES(81,1,-139.3117755489329,-68.43571758916121);
INSERT INTO points (trip_id,ord,x,y) VALUES(81,2,-139.3117410475569,-68.43567943284137);
INSERT INTO points (trip_id,ord,x,y) VALUES(81,3,-139.31172752948174,-68.43553370964253);
INSERT INTO points (trip_id,ord,x,y) VALUES(81,4,-139.3116446681893,-68.43536820763522);
INSERT INTO points (trip_id,ord,x,y) VALUES(81,5,-139.3115340639963,-68.4351948723824);
INSERT INTO points (trip_id,ord,x,y) VALUES(81,6,-139.31140471023159,-68.43517697716307);
INSERT INTO points (trip_id,ord,x,y) VALUES(81,7,-139.31132383968875,-68.43498141026218);
INSERT INTO points (trip_id,ord,x,y) VALUES(81,8,-139.31128158295542,-68.43496173372525);
INSERT INTO points (trip_id,ord,x,y) VALUES(81,9,-139.3110975023211,-68.43488923300634);
INSERT INTO points (trip_id,ord,x,y) VALUES(81,10,-139.31102513987722,-68.43484832323146);
INSERT INTO trips (id,user_id,name) VALUES(82,11,"trip9286");
INSERT INTO points (trip_id,ord,x,y) VALUES(82,1,114.9847421313608,0.20067471848408047);
INSERT INTO points (trip_id,ord,x,y) VALUES(82,2,114.98481919568422,0.20083644687226274);
INSERT INTO points (trip_id,ord,x,y) VALUES(82,3,114.98487427854351,0.20098469685818648);
INSERT INTO points (trip_id,ord,x,y) VALUES(82,4,114.98496463791211,0.2011501664188652);
INSERT INTO points (trip_id,ord,x,y) VALUES(82,5,114.98511255366728,0.2013301937075798);
INSERT INTO points (trip_id,ord,x,y) VALUES(82,6,114.98521086443792,0.20135650768051436);
INSERT INTO points (trip_id,ord,x,y) VALUES(82,7,114.98540998225816,0.20154477499150417);
INSERT INTO points (trip_id,ord,x,y) VALUES(82,8,114.98546336676827,0.20157231278833365);
INSERT INTO points (trip_id,ord,x,y) VALUES(82,9,114.98547708710983,0.20161581035514803);
INSERT INTO points (trip_id,ord,x,y) VALUES(82,10,114.9856059407192,0.20163427028706485);
INSERT INTO trips (id,user_id,name) VALUES(83,18,"trip8103");
INSERT INTO points (trip_id,ord,x,y) VALUES(83,1,51.473842418578016,6.785077130016944);
INSERT INTO points (trip_id,ord,x,y) VALUES(83,2,51.4739076799536,6.785131082452727);
INSERT INTO points (trip_id,ord,x,y) VALUES(83,3,51.474034613657466,6.785285662206163);
INSERT INTO points (trip_id,ord,x,y) VALUES(83,4,51.4740584257034,6.785368846603573);
INSERT INTO points (trip_id,ord,x,y) VALUES(83,5,51.4741571530377,6.785399199711355);
INSERT INTO points (trip_id,ord,x,y) VALUES(83,6,51.47434978551015,6.785553719004916);
INSERT INTO points (trip_id,ord,x,y) VALUES(83,7,51.47451597225799,6.785585580641894);
INSERT INTO points (trip_id,ord,x,y) VALUES(83,8,51.47462662519093,6.78560034407588);
INSERT INTO trips (id,user_id,name) VALUES(84,39,"trip7441");
INSERT INTO points (trip_id,ord,x,y) VALUES(84,1,38.76497799733744,-42.801660118786096);
INSERT INTO points (trip_id,ord,x,y) VALUES(84,2,38.76502191543729,-42.80147377865437);
INSERT INTO points (trip_id,ord,x,y) VALUES(84,3,38.76508210147696,-42.801453344967506);
INSERT INTO points (trip_id,ord,x,y) VALUES(84,4,38.76510654928719,-42.80128941991719);
INSERT INTO points (trip_id,ord,x,y) VALUES(84,5,38.76529418749121,-42.80117517562965);
INSERT INTO points (trip_id,ord,x,y) VALUES(84,6,38.76532035857329,-42.80113550194194);
INSERT INTO points (trip_id,ord,x,y) VALUES(84,7,38.76540020070764,-42.800997984830616);
INSERT INTO points (trip_id,ord,x,y) VALUES(84,8,38.76548679050115,-42.800823104597676);
INSERT INTO points (trip_id,ord,x,y) VALUES(84,9,38.76563983395181,-42.80075876731182);
INSERT INTO points (trip_id,ord,x,y) VALUES(84,10,38.765752093607915,-42.800601981225846);
INSERT INTO points (trip_id,ord,x,y) VALUES(84,11,38.765932282240286,-42.80044217520614);
INSERT INTO points (trip_id,ord,x,y) VALUES(84,12,38.76595358953679,-42.80028555894185);
INSERT INTO points (trip_id,ord,x,y) VALUES(84,13,38.76604505837559,-42.800155685333976);
INSERT INTO points (trip_id,ord,x,y) VALUES(84,14,38.766120459597815,-42.800044642591615);
INSERT INTO trips (id,user_id,name) VALUES(85,28,"trip7535");
INSERT INTO points (trip_id,ord,x,y) VALUES(85,1,130.24106336884955,-44.48137712507523);
INSERT INTO points (trip_id,ord,x,y) VALUES(85,2,130.24116667227025,-44.48121941140649);
INSERT INTO points (trip_id,ord,x,y) VALUES(85,3,130.2412146132905,-44.48107326367092);
INSERT INTO points (trip_id,ord,x,y) VALUES(85,4,130.24137867759583,-44.48090302794608);
INSERT INTO points (trip_id,ord,x,y) VALUES(85,5,130.2414740657576,-44.480869741044295);
INSERT INTO points (trip_id,ord,x,y) VALUES(85,6,130.24161299471155,-44.480688708609534);
INSERT INTO points (trip_id,ord,x,y) VALUES(85,7,130.2416564602192,-44.48055371209374);
INSERT INTO points (trip_id,ord,x,y) VALUES(85,8,130.24181796074328,-44.480410849288006);
INSERT INTO points (trip_id,ord,x,y) VALUES(85,9,130.24184396244172,-44.48033323821546);
INSERT INTO points (trip_id,ord,x,y) VALUES(85,10,130.24193067723613,-44.48015821876686);
INSERT INTO points (trip_id,ord,x,y) VALUES(85,11,130.24202123796744,-44.480035358271415);
INSERT INTO points (trip_id,ord,x,y) VALUES(85,12,130.24204121200324,-44.47989197293052);
INSERT INTO points (trip_id,ord,x,y) VALUES(85,13,130.2421998660203,-44.47972322282853);
INSERT INTO points (trip_id,ord,x,y) VALUES(85,14,130.2423406149891,-44.479651739021385);
INSERT INTO points (trip_id,ord,x,y) VALUES(85,15,130.2425083395171,-44.47963618313183);
INSERT INTO trips (id,user_id,name) VALUES(86,22,"trip2131");
INSERT INTO points (trip_id,ord,x,y) VALUES(86,1,10.530330273050993,70.56468003173);
INSERT INTO points (trip_id,ord,x,y) VALUES(86,2,10.530420275540596,70.56481491614898);
INSERT INTO points (trip_id,ord,x,y) VALUES(86,3,10.530523427380874,70.56484453220597);
INSERT INTO points (trip_id,ord,x,y) VALUES(86,4,10.530656499818598,70.56489446896788);
INSERT INTO points (trip_id,ord,x,y) VALUES(86,5,10.530747769789809,70.56499082740824);
INSERT INTO points (trip_id,ord,x,y) VALUES(86,6,10.530795779630804,70.56516389245897);
INSERT INTO points (trip_id,ord,x,y) VALUES(86,7,10.530924367950014,70.56523738723872);
INSERT INTO points (trip_id,ord,x,y) VALUES(86,8,10.531051380997258,70.56540176425948);
INSERT INTO points (trip_id,ord,x,y) VALUES(86,9,10.531250653058159,70.56547924686573);
INSERT INTO points (trip_id,ord,x,y) VALUES(86,10,10.531278188096481,70.56549068846527);
INSERT INTO points (trip_id,ord,x,y) VALUES(86,11,10.531355935085399,70.56555801782706);
INSERT INTO points (trip_id,ord,x,y) VALUES(86,12,10.53141018792629,70.56572606323084);
INSERT INTO points (trip_id,ord,x,y) VALUES(86,13,10.531548042432522,70.56573630479467);
INSERT INTO points (trip_id,ord,x,y) VALUES(86,14,10.53165877614276,70.56580961368118);
INSERT INTO points (trip_id,ord,x,y) VALUES(86,15,10.531782954592778,70.56587653661467);
INSERT INTO trips (id,user_id,name) VALUES(87,42,"trip7993");
INSERT INTO points (trip_id,ord,x,y) VALUES(87,1,-62.284561852447766,62.81780262627149);
INSERT INTO points (trip_id,ord,x,y) VALUES(87,2,-62.28452711754158,62.81782762406872);
INSERT INTO points (trip_id,ord,x,y) VALUES(87,3,-62.28436877899467,62.81795517061245);
INSERT INTO points (trip_id,ord,x,y) VALUES(87,4,-62.28430729990078,62.817972116574026);
INSERT INTO points (trip_id,ord,x,y) VALUES(87,5,-62.28425830096662,62.81809706547689);
INSERT INTO points (trip_id,ord,x,y) VALUES(87,6,-62.284242160004005,62.81815646695252);
INSERT INTO points (trip_id,ord,x,y) VALUES(87,7,-62.284207962700485,62.81816733845765);
INSERT INTO points (trip_id,ord,x,y) VALUES(87,8,-62.28406475788202,62.81820188638638);
INSERT INTO points (trip_id,ord,x,y) VALUES(87,9,-62.28398192879759,62.81822266920675);
INSERT INTO points (trip_id,ord,x,y) VALUES(87,10,-62.28386856529727,62.81840805729429);
INSERT INTO points (trip_id,ord,x,y) VALUES(87,11,-62.283758024957145,62.818490403082045);
INSERT INTO points (trip_id,ord,x,y) VALUES(87,12,-62.28366214889098,62.818647865933606);
INSERT INTO points (trip_id,ord,x,y) VALUES(87,13,-62.28350680822381,62.81873075814962);
INSERT INTO points (trip_id,ord,x,y) VALUES(87,14,-62.28344630663472,62.81884553599628);
INSERT INTO points (trip_id,ord,x,y) VALUES(87,15,-62.283269926023884,62.81903290041841);
INSERT INTO points (trip_id,ord,x,y) VALUES(87,16,-62.283122917750674,62.819225680311604);
INSERT INTO points (trip_id,ord,x,y) VALUES(87,17,-62.282979143548935,62.819269968792085);
INSERT INTO points (trip_id,ord,x,y) VALUES(87,18,-62.282924322191015,62.819310329566015);
INSERT INTO points (trip_id,ord,x,y) VALUES(87,19,-62.28279607752579,62.8194196103977);
INSERT INTO points (trip_id,ord,x,y) VALUES(87,20,-62.282632854837,62.81958703872905);
INSERT INTO trips (id,user_id,name) VALUES(88,37,"trip5359");
INSERT INTO points (trip_id,ord,x,y) VALUES(88,1,-128.56345570116594,-70.42705348135054);
INSERT INTO points (trip_id,ord,x,y) VALUES(88,2,-128.56341959519992,-70.42688434935059);
INSERT INTO points (trip_id,ord,x,y) VALUES(88,3,-128.56324318442122,-70.42686295824733);
INSERT INTO points (trip_id,ord,x,y) VALUES(88,4,-128.5631301024634,-70.42667639419858);
INSERT INTO points (trip_id,ord,x,y) VALUES(88,5,-128.5630150337431,-70.42665009811157);
INSERT INTO points (trip_id,ord,x,y) VALUES(88,6,-128.56287693764028,-70.42662314915952);
INSERT INTO points (trip_id,ord,x,y) VALUES(88,7,-128.56279599169656,-70.4265771029448);
INSERT INTO points (trip_id,ord,x,y) VALUES(88,8,-128.5627214683371,-70.42647351206543);
INSERT INTO trips (id,user_id,name) VALUES(89,13,"trip4716");
INSERT INTO points (trip_id,ord,x,y) VALUES(89,1,134.3988082988651,-70.17970682888041);
INSERT INTO points (trip_id,ord,x,y) VALUES(89,2,134.39898023385632,-70.17960240359926);
INSERT INTO points (trip_id,ord,x,y) VALUES(89,3,134.39905163779977,-70.17958734284291);
INSERT INTO points (trip_id,ord,x,y) VALUES(89,4,134.3991346695399,-70.17949513855129);
INSERT INTO points (trip_id,ord,x,y) VALUES(89,5,134.39933231477158,-70.17942919923682);
INSERT INTO points (trip_id,ord,x,y) VALUES(89,6,134.39934692763023,-70.17929892192852);
INSERT INTO trips (id,user_id,name) VALUES(90,3,"trip6648");
INSERT INTO points (trip_id,ord,x,y) VALUES(90,1,-174.25589405622807,-25.334674215968022);
INSERT INTO points (trip_id,ord,x,y) VALUES(90,2,-174.25574596428928,-25.33448541940548);
INSERT INTO points (trip_id,ord,x,y) VALUES(90,3,-174.25556438699687,-25.334468988174063);
INSERT INTO points (trip_id,ord,x,y) VALUES(90,4,-174.2554636250879,-25.33441510692051);
INSERT INTO points (trip_id,ord,x,y) VALUES(90,5,-174.25543819051265,-25.33423482178953);
INSERT INTO trips (id,user_id,name) VALUES(91,3,"trip9900");
INSERT INTO points (trip_id,ord,x,y) VALUES(91,1,107.27808817319908,-15.484306498692959);
INSERT INTO points (trip_id,ord,x,y) VALUES(91,2,107.27818077821374,-15.484173430122455);
INSERT INTO points (trip_id,ord,x,y) VALUES(91,3,107.2783603332816,-15.483994529216831);
INSERT INTO points (trip_id,ord,x,y) VALUES(91,4,107.27846821547662,-15.48382330002252);
INSERT INTO points (trip_id,ord,x,y) VALUES(91,5,107.27856643701006,-15.48375073424355);
INSERT INTO points (trip_id,ord,x,y) VALUES(91,6,107.27860179823548,-15.483642442273798);
INSERT INTO points (trip_id,ord,x,y) VALUES(91,7,107.27873264140152,-15.483493591369681);
INSERT INTO points (trip_id,ord,x,y) VALUES(91,8,107.27875212741182,-15.48339649329437);
INSERT INTO trips (id,user_id,name) VALUES(92,27,"trip4751");
INSERT INTO points (trip_id,ord,x,y) VALUES(92,1,49.287141880612126,-18.035493146773703);
INSERT INTO points (trip_id,ord,x,y) VALUES(92,2,49.28733323394226,-18.03530659430521);
INSERT INTO points (trip_id,ord,x,y) VALUES(92,3,49.28735579880433,-18.035113964039137);
INSERT INTO points (trip_id,ord,x,y) VALUES(92,4,49.287443251335006,-18.035064668638046);
INSERT INTO points (trip_id,ord,x,y) VALUES(92,5,49.287623609748074,-18.03493423119868);
INSERT INTO points (trip_id,ord,x,y) VALUES(92,6,49.28769788032124,-18.03492365876124);
INSERT INTO points (trip_id,ord,x,y) VALUES(92,7,49.28779779603302,-18.03476409509682);
INSERT INTO points (trip_id,ord,x,y) VALUES(92,8,49.287948612097885,-18.034709477899167);
INSERT INTO points (trip_id,ord,x,y) VALUES(92,9,49.28812847672755,-18.034649626547733);
INSERT INTO points (trip_id,ord,x,y) VALUES(92,10,49.28828046524756,-18.034612724162294);
INSERT INTO points (trip_id,ord,x,y) VALUES(92,11,49.2882994573513,-18.034437373469046);
INSERT INTO points (trip_id,ord,x,y) VALUES(92,12,49.28844133394565,-18.034373623526303);
INSERT INTO points (trip_id,ord,x,y) VALUES(92,13,49.2885306226684,-18.034184562045947);
INSERT INTO points (trip_id,ord,x,y) VALUES(92,14,49.288695849101785,-18.03415618585821);
INSERT INTO points (trip_id,ord,x,y) VALUES(92,15,49.288822169651496,-18.034004383648526);
INSERT INTO points (trip_id,ord,x,y) VALUES(92,16,49.288978120637594,-18.03382152292318);
INSERT INTO points (trip_id,ord,x,y) VALUES(92,17,49.28912314374902,-18.03380786934839);
INSERT INTO trips (id,user_id,name) VALUES(93,36,"trip5042");
INSERT INTO points (trip_id,ord,x,y) VALUES(93,1,22.906573975231282,-45.8881374190022);
INSERT INTO points (trip_id,ord,x,y) VALUES(93,2,22.906745967518535,-45.88810001464545);
INSERT INTO points (trip_id,ord,x,y) VALUES(93,3,22.906885123531342,-45.88794506092889);
INSERT INTO points (trip_id,ord,x,y) VALUES(93,4,22.907012207564815,-45.8878004474904);
INSERT INTO points (trip_id,ord,x,y) VALUES(93,5,22.90718349754782,-45.88775502827949);
INSERT INTO points (trip_id,ord,x,y) VALUES(93,6,22.90732684872524,-45.88764125175856);
INSERT INTO points (trip_id,ord,x,y) VALUES(93,7,22.90739293590135,-45.887459702094766);
INSERT INTO points (trip_id,ord,x,y) VALUES(93,8,22.907526265593656,-45.88742444914083);
INSERT INTO points (trip_id,ord,x,y) VALUES(93,9,22.907715464932878,-45.88735791203893);
INSERT INTO points (trip_id,ord,x,y) VALUES(93,10,22.907753384565787,-45.88716325132907);
INSERT INTO points (trip_id,ord,x,y) VALUES(93,11,22.907767814843393,-45.88713195679539);
INSERT INTO trips (id,user_id,name) VALUES(94,18,"trip2678");
INSERT INTO points (trip_id,ord,x,y) VALUES(94,1,-27.779006668748195,76.1539900380636);
INSERT INTO points (trip_id,ord,x,y) VALUES(94,2,-27.778934056811813,76.15418772176008);
INSERT INTO points (trip_id,ord,x,y) VALUES(94,3,-27.778893553812672,76.15435374514225);
INSERT INTO points (trip_id,ord,x,y) VALUES(94,4,-27.778823650599143,76.15445324644826);
INSERT INTO points (trip_id,ord,x,y) VALUES(94,5,-27.77879557285995,76.15453931888929);
INSERT INTO points (trip_id,ord,x,y) VALUES(94,6,-27.778657469018835,76.15460069442781);
INSERT INTO trips (id,user_id,name) VALUES(95,35,"trip952");
INSERT INTO points (trip_id,ord,x,y) VALUES(95,1,65.80325356702346,-71.00309478141882);
INSERT INTO points (trip_id,ord,x,y) VALUES(95,2,65.80338159880775,-71.0030491248898);
INSERT INTO points (trip_id,ord,x,y) VALUES(95,3,65.80352192567953,-71.00297389305207);
INSERT INTO points (trip_id,ord,x,y) VALUES(95,4,65.80361299492728,-71.00286305079885);
INSERT INTO points (trip_id,ord,x,y) VALUES(95,5,65.80371246859787,-71.0027281358922);
INSERT INTO points (trip_id,ord,x,y) VALUES(95,6,65.80380547973574,-71.00270559585772);
INSERT INTO points (trip_id,ord,x,y) VALUES(95,7,65.80390626286325,-71.00262290906353);
INSERT INTO points (trip_id,ord,x,y) VALUES(95,8,65.8040196623229,-71.00247206225629);
INSERT INTO points (trip_id,ord,x,y) VALUES(95,9,65.8041426442728,-71.00244509252454);
INSERT INTO points (trip_id,ord,x,y) VALUES(95,10,65.8042122391623,-71.00225934024468);
INSERT INTO trips (id,user_id,name) VALUES(96,30,"trip5096");
INSERT INTO points (trip_id,ord,x,y) VALUES(96,1,-47.23122576835323,34.4009091128587);
INSERT INTO points (trip_id,ord,x,y) VALUES(96,2,-47.23114109830736,34.40100926708545);
INSERT INTO points (trip_id,ord,x,y) VALUES(96,3,-47.23107614756649,34.401043797877875);
INSERT INTO points (trip_id,ord,x,y) VALUES(96,4,-47.230910214021335,34.40117945807703);
INSERT INTO points (trip_id,ord,x,y) VALUES(96,5,-47.23072550258112,34.40121921774137);
INSERT INTO points (trip_id,ord,x,y) VALUES(96,6,-47.230527269890494,34.40124170397871);
INSERT INTO points (trip_id,ord,x,y) VALUES(96,7,-47.2305052908814,34.4014389282799);
INSERT INTO points (trip_id,ord,x,y) VALUES(96,8,-47.23039509105542,34.40145353335267);
INSERT INTO points (trip_id,ord,x,y) VALUES(96,9,-47.2302488875549,34.401472510768485);
INSERT INTO points (trip_id,ord,x,y) VALUES(96,10,-47.230143136436105,34.40150828624977);
INSERT INTO points (trip_id,ord,x,y) VALUES(96,11,-47.23012342976917,34.40161748660442);
INSERT INTO points (trip_id,ord,x,y) VALUES(96,12,-47.2300327074858,34.40181152969634);
INSERT INTO points (trip_id,ord,x,y) VALUES(96,13,-47.22995068895295,34.40185214353816);
INSERT INTO points (trip_id,ord,x,y) VALUES(96,14,-47.22982698897571,34.40197900403353);
INSERT INTO points (trip_id,ord,x,y) VALUES(96,15,-47.229663269986425,34.40212699063204);
INSERT INTO points (trip_id,ord,x,y) VALUES(96,16,-47.229586446940054,34.402137220640256);
INSERT INTO points (trip_id,ord,x,y) VALUES(96,17,-47.22954653450229,34.40229240790057);
INSERT INTO points (trip_id,ord,x,y) VALUES(96,18,-47.22947031375226,34.40237141486683);
INSERT INTO points (trip_id,ord,x,y) VALUES(96,19,-47.229287960081614,34.40239930035339);
INSERT INTO trips (id,user_id,name) VALUES(97,17,"trip5117");
INSERT INTO points (trip_id,ord,x,y) VALUES(97,1,-13.796075773563444,-46.01402693703355);
INSERT INTO points (trip_id,ord,x,y) VALUES(97,2,-13.795980918186244,-46.013977937670404);
INSERT INTO points (trip_id,ord,x,y) VALUES(97,3,-13.79579456282153,-46.01394575274363);
INSERT INTO points (trip_id,ord,x,y) VALUES(97,4,-13.79560942385709,-46.0138236929913);
INSERT INTO points (trip_id,ord,x,y) VALUES(97,5,-13.795565653320994,-46.0137498016471);
INSERT INTO points (trip_id,ord,x,y) VALUES(97,6,-13.795517927639402,-46.0135869486352);
INSERT INTO points (trip_id,ord,x,y) VALUES(97,7,-13.795330960377282,-46.01342262402212);
INSERT INTO points (trip_id,ord,x,y) VALUES(97,8,-13.795168985449276,-46.01339625583768);
INSERT INTO points (trip_id,ord,x,y) VALUES(97,9,-13.795014552983423,-46.013301084875);
INSERT INTO points (trip_id,ord,x,y) VALUES(97,10,-13.7948904665081,-46.01327962489549);
INSERT INTO points (trip_id,ord,x,y) VALUES(97,11,-13.7948302609602,-46.01313999302693);
INSERT INTO points (trip_id,ord,x,y) VALUES(97,12,-13.79477177334781,-46.01295070790855);
INSERT INTO points (trip_id,ord,x,y) VALUES(97,13,-13.794675794849871,-46.01277263828609);
INSERT INTO points (trip_id,ord,x,y) VALUES(97,14,-13.79460594379797,-46.01272139150437);
INSERT INTO points (trip_id,ord,x,y) VALUES(97,15,-13.7945617814187,-46.01256602740402);
INSERT INTO points (trip_id,ord,x,y) VALUES(97,16,-13.794419329174525,-46.01255127814613);
INSERT INTO points (trip_id,ord,x,y) VALUES(97,17,-13.794248814699193,-46.01236313767148);
INSERT INTO points (trip_id,ord,x,y) VALUES(97,18,-13.79413661174991,-46.012262592528344);
INSERT INTO points (trip_id,ord,x,y) VALUES(97,19,-13.794075712511312,-46.01224616564055);
INSERT INTO points (trip_id,ord,x,y) VALUES(97,20,-13.794057856226418,-46.012214903152135);
INSERT INTO trips (id,user_id,name) VALUES(98,7,"trip6176");
INSERT INTO points (trip_id,ord,x,y) VALUES(98,1,177.2108388780938,58.10557405941606);
INSERT INTO points (trip_id,ord,x,y) VALUES(98,2,177.2109977050509,58.105652076579396);
INSERT INTO points (trip_id,ord,x,y) VALUES(98,3,177.21117443533183,58.10573207765724);
INSERT INTO points (trip_id,ord,x,y) VALUES(98,4,177.2112266589853,58.1058300959503);
INSERT INTO points (trip_id,ord,x,y) VALUES(98,5,177.2112579643327,58.10595926051248);
INSERT INTO points (trip_id,ord,x,y) VALUES(98,6,177.21143082676227,58.10599949485335);
INSERT INTO points (trip_id,ord,x,y) VALUES(98,7,177.21149061377284,58.106087987889936);
INSERT INTO points (trip_id,ord,x,y) VALUES(98,8,177.2115048815468,58.10623697719788);
INSERT INTO points (trip_id,ord,x,y) VALUES(98,9,177.21166215921815,58.10637136871645);
INSERT INTO points (trip_id,ord,x,y) VALUES(98,10,177.21178430416396,58.10653181827965);
INSERT INTO points (trip_id,ord,x,y) VALUES(98,11,177.2119312443586,58.106546280887166);
INSERT INTO points (trip_id,ord,x,y) VALUES(98,12,177.21205923131816,58.106571819535326);
INSERT INTO points (trip_id,ord,x,y) VALUES(98,13,177.21210928892327,58.10665595931708);
INSERT INTO points (trip_id,ord,x,y) VALUES(98,14,177.21223649192157,58.10673713460478);
INSERT INTO points (trip_id,ord,x,y) VALUES(98,15,177.2123778385992,58.10686869721534);
INSERT INTO points (trip_id,ord,x,y) VALUES(98,16,177.21247903784712,58.10703337544119);
INSERT INTO points (trip_id,ord,x,y) VALUES(98,17,177.21258015560753,58.107132434444594);
INSERT INTO points (trip_id,ord,x,y) VALUES(98,18,177.21267083996662,58.107279964796525);
INSERT INTO points (trip_id,ord,x,y) VALUES(98,19,177.21272736378035,58.107377921117404);
INSERT INTO points (trip_id,ord,x,y) VALUES(98,20,177.21281387789017,58.107540529603995);
INSERT INTO trips (id,user_id,name) VALUES(99,37,"trip4388");
INSERT INTO points (trip_id,ord,x,y) VALUES(99,1,105.82909072551007,-54.21058253296713);
INSERT INTO points (trip_id,ord,x,y) VALUES(99,2,105.82922037628587,-54.21047492906617);
INSERT INTO points (trip_id,ord,x,y) VALUES(99,3,105.8294198886235,-54.2103643770431);
INSERT INTO points (trip_id,ord,x,y) VALUES(99,4,105.82947628909359,-54.210202218773134);
INSERT INTO points (trip_id,ord,x,y) VALUES(99,5,105.82957274647455,-54.21006386664057);
INSERT INTO points (trip_id,ord,x,y) VALUES(99,6,105.82974717678451,-54.20988754309871);
INSERT INTO points (trip_id,ord,x,y) VALUES(99,7,105.82986989473652,-54.209757683727666);
INSERT INTO points (trip_id,ord,x,y) VALUES(99,8,105.82993479406774,-54.20958796053017);
INSERT INTO points (trip_id,ord,x,y) VALUES(99,9,105.8300546901674,-54.20945273286607);
INSERT INTO points (trip_id,ord,x,y) VALUES(99,10,105.83016768478693,-54.209431552800844);
